Mary,F,45344
Helen,F,23221
Dorothy,F,18782
Margaret,F,17763
Ruth,F,15840
Anna,F,11865
Mildred,F,11649
Elizabeth,F,11366
Frances,F,9677
Marie,F,8829
Evelyn,F,8505
Alice,F,8197
Florence,F,7887
Virginia,F,7601
Rose,F,7573
Lillian,F,7354
Louise,F,6648
Catherine,F,6612
Edna,F,6289
Gladys,F,6227
Ethel,F,6204
Irene,F,6197
Josephine,F,5896
Ruby,F,5623
Grace,F,5595
Thelma,F,5496
Martha,F,5431
Eleanor,F,5373
Hazel,F,5324
Lucille,F,5320
Edith,F,5209
Gertrude,F,4937
Annie,F,4800
Pauline,F,4699
Esther,F,4654
Doris,F,4428
Clara,F,4240
Beatrice,F,4232
Emma,F,3972
Ann,F,3887
Bertha,F,3859
Julia,F,3813
Bernice,F,3730
Agnes,F,3721
Marjorie,F,3710
Elsie,F,3683
Sarah,F,3680
Katherine,F,3652
Ida,F,3561
Marion,F,3550
Lois,F,3432
Eva,F,3401
Anne,F,3365
Jean,F,3281
Bessie,F,3260
Pearl,F,3223
Viola,F,3204
Mabel,F,3130
Laura,F,3058
Myrtle,F,3049
Nellie,F,2952
Betty,F,2933
Kathryn,F,2901
Jessie,F,2861
Stella,F,2771
Willie,F,2759
Minnie,F,2717
Vera,F,2683
Alma,F,2648
Sylvia,F,2565
Jane,F,2340
Ella,F,2308
Lucy,F,2298
Lillie,F,2287
Lena,F,2259
Genevieve,F,2254
Jennie,F,2225
Mattie,F,2193
Leona,F,2174
Blanche,F,2164
Vivian,F,2080
Barbara,F,2062
Violet,F,2061
Marguerite,F,2050
Mae,F,2049
Ellen,F,2039
Rita,F,2010
Charlotte,F,2008
Opal,F,1893
Marian,F,1862
Carrie,F,1798
Theresa,F,1794
Velma,F,1794
Juanita,F,1793
Wilma,F,1787
Beulah,F,1776
Hattie,F,1678
Emily,F,1650
Fannie,F,1616
Sophie,F,1584
Inez,F,1579
Nancy,F,1575
Hilda,F,1525
Rosa,F,1514
Cora,F,1500
Ada,F,1494
Georgia,F,1492
Sara,F,1488
Eunice,F,1478
Kathleen,F,1475
Harriet,F,1455
Estelle,F,1432
Phyllis,F,1407
Maxine,F,1396
Mamie,F,1386
Madeline,F,1381
Christine,F,1374
Geneva,F,1371
Alberta,F,1350
Lula,F,1345
Dora,F,1343
Loretta,F,1323
Geraldine,F,1320
Sadie,F,1296
Verna,F,1226
Daisy,F,1202
Olive,F,1200
Norma,F,1172
Lucile,F,1166
Susie,F,1165
Flora,F,1152
June,F,1148
Muriel,F,1133
Naomi,F,1128
Maria,F,1117
Olga,F,1107
Mable,F,1081
Audrey,F,1070
Sally,F,1064
Henrietta,F,1058
Maggie,F,1055
Lottie,F,1053
Nora,F,1038
Lola,F,1031
Victoria,F,1026
Irma,F,1015
Erma,F,992
Caroline,F,989
Miriam,F,981
Jeanette,F,977
Rachel,F,974
Lorraine,F,969
Rosie,F,957
Nettie,F,936
Dolores,F,934
Amelia,F,926
Eula,F,923
Roberta,F,921
Eileen,F,920
Shirley,F,906
Winifred,F,904
Rebecca,F,890
Janet,F,883
Wanda,F,881
Della,F,879
Adeline,F,878
Katie,F,861
Lydia,F,839
Carolyn,F,835
Antoinette,F,830
Nina,F,828
Fern,F,821
Goldie,F,787
Bonnie,F,783
May,F,769
Veronica,F,767
Ollie,F,765
Sallie,F,760
Isabel,F,747
Isabelle,F,739
Essie,F,737
Dorothea,F,731
Marcella,F,729
Effie,F,726
Lorene,F,722
Anita,F,720
Adele,F,709
Addie,F,708
Jeannette,F,699
Ora,F,698
Regina,F,694
Maude,F,693
Celia,F,692
Freda,F,689
Angelina,F,686
Cecelia,F,679
Cleo,F,672
Faye,F,663
Eloise,F,662
Susan,F,661
Patricia,F,656
Lela,F,647
Mollie,F,644
Frieda,F,639
Sue,F,634
Angeline,F,632
Iva,F,618
Jeanne,F,612
Arlene,F,608
Luella,F,603
Constance,F,600
Angela,F,590
Margie,F,588
Selma,F,587
Rosalie,F,584
Etta,F,581
Joan,F,578
Claire,F,571
Ola,F,571
Jewell,F,570
Elaine,F,568
Leola,F,567
Fay,F,566
Elva,F,563
Rosemary,F,563
Lila,F,560
Alta,F,552
Lizzie,F,551
Sophia,F,548
Flossie,F,538
Helene,F,538
Nell,F,530
Annette,F,526
Cecilia,F,525
Teresa,F,524
Jewel,F,515
Estella,F,514
Reba,F,502
Ina,F,495
Johnnie,F,494
Matilda,F,494
Elma,F,484
Ernestine,F,473
Amy,F,472
Janie,F,472
Leah,F,457
Nannie,F,457
Joyce,F,456
Hannah,F,443
Carol,F,438
Eleanore,F,438
Elnora,F,426
Iris,F,425
Elvira,F,405
Lee,F,405
Tillie,F,404
Virgie,F,402
Millie,F,401
Adelaide,F,396
Lenora,F,396
Natalie,F,394
Rena,F,387
Francis,F,385
Winnie,F,383
Gwendolyn,F,382
Laverne,F,379
Ila,F,376
Amanda,F,375
Carmen,F,374
Peggy,F,373
Zelma,F,373
Eugenia,F,367
Edythe,F,365
Harriett,F,359
Elinor,F,358
Belle,F,353
Neva,F,353
Cornelia,F,352
Melba,F,352
Cecile,F,351
Allie,F,350
Letha,F,347
Josie,F,344
Carmela,F,341
Olivia,F,340
Gracie,F,339
Gussie,F,336
Lessie,F,336
Imogene,F,333
Lorena,F,328
Helena,F,327
Billie,F,326
Myra,F,322
Callie,F,318
Annabelle,F,315
Eliza,F,311
Kate,F,311
Hester,F,309
Concetta,F,306
Dollie,F,306
Clarice,F,300
Aileen,F,298
Yvonne,F,295
Avis,F,293
Connie,F,293
Christina,F,291
Katharine,F,290
Madge,F,288
Claudia,F,286
Donna,F,283
Iola,F,283
Berniece,F,282
Frankie,F,282
Maudie,F,282
Stephanie,F,280
Corinne,F,279
Priscilla,F,279
Rosetta,F,278
Aline,F,277
Lora,F,270
Lenore,F,269
Alyce,F,267
Augusta,F,266
Rhoda,F,266
Odessa,F,263
Arline,F,260
Leila,F,259
Bettie,F,256
Johanna,F,256
Bernadine,F,252
Lily,F,252
Willa,F,251
Loraine,F,250
Leota,F,249
Delia,F,248
Merle,F,247
Molly,F,247
Maurine,F,246
Carmella,F,245
Corine,F,245
Nadine,F,244
Bertie,F,239
Rosella,F,237
Roxie,F,237
Erna,F,232
Tessie,F,230
Lilly,F,229
Lou,F,227
Madelyn,F,227
Nola,F,227
Ione,F,226
Lelia,F,226
Dessie,F,225
Janice,F,225
Ophelia,F,224
Zella,F,224
Pearlie,F,223
Linda,F,219
Elisabeth,F,217
Wilhelmina,F,216
Kay,F,215
Mona,F,212
Birdie,F,211
Eddie,F,210
Isabell,F,210
Pansy,F,208
Mayme,F,207
Philomena,F,207
Ramona,F,207
Sybil,F,206
Hallie,F,205
Delores,F,203
Florine,F,203
Antonia,F,202
Dolly,F,202
Rae,F,202
Bernadette,F,201
Althea,F,199
Catharine,F,199
Gretchen,F,196
Alvina,F,194
Cecil,F,193
Jimmie,F,192
Gloria,F,191
Georgie,F,190
Oma,F,189
Harriette,F,188
Nona,F,188
Isabella,F,187
Paula,F,184
Cynthia,F,183
Dovie,F,182
Beryl,F,180
Robbie,F,180
Phoebe,F,177
Wilda,F,177
Verda,F,176
Gertie,F,175
Maud,F,175
Reva,F,175
Beth,F,173
Louisa,F,173
Agatha,F,172
Rubye,F,172
Yolanda,F,172
Leone,F,171
Clare,F,169
John,F,169
Fanny,F,167
Margery,F,167
Mercedes,F,167
Elsa,F,166
Vida,F,166
Dixie,F,164
Iona,F,164
Judith,F,164
Polly,F,164
Marietta,F,163
Rosalind,F,163
Leora,F,162
Hortense,F,161
Julie,F,161
Oleta,F,161
Allene,F,160
Tommie,F,160
Vesta,F,160
Zelda,F,159
Garnet,F,158
Lulu,F,158
Earline,F,157
Elise,F,157
Joy,F,157
Madeleine,F,157
Ava,F,156
Guadalupe,F,156
Jannie,F,156
Louella,F,156
Lura,F,156
Monica,F,156
Elda,F,155
Leta,F,153
Mozelle,F,153
Bella,F,152
Diana,F,152
Valeria,F,152
Albina,F,151
Angie,F,151
Floy,F,150
Glenna,F,149
Yetta,F,149
Bobbie,F,148
Queen,F,148
Cassie,F,147
Ferne,F,145
Lauretta,F,145
Corrine,F,144
Vada,F,144
Dorthy,F,143
Beverly,F,142
Mathilda,F,142
Maybelle,F,141
Lona,F,139
Minerva,F,139
Una,F,139
Winona,F,139
Hettie,F,138
Lucinda,F,138
Marjory,F,136
Rowena,F,136
Alpha,F,135
Evangeline,F,135
Lorna,F,135
Melva,F,135
Velda,F,135
Artie,F,134
Ester,F,134
Lettie,F,133
Blanch,F,132
Delma,F,132
Elena,F,132
Jacqueline,F,132
Marcia,F,132
Suzanne,F,131
Alene,F,130
Belva,F,130
Eve,F,130
Filomena,F,130
Magdalene,F,130
Enid,F,129
Edwina,F,128
Ivy,F,128
Lorine,F,128
Mazie,F,128
Clementine,F,127
Nelle,F,127
Ona,F,127
Eleanora,F,126
Evalyn,F,126
Golda,F,126
Anastasia,F,125
Lucia,F,125
Orpha,F,125
Hope,F,124
Rhea,F,123
Freida,F,122
Odell,F,122
Alva,F,121
Germaine,F,121
Linnie,F,120
Zora,F,120
Juana,F,119
Margret,F,119
Mavis,F,119
Ursula,F,119
Era,F,118
Idella,F,118
Marianne,F,118
Veda,F,118
Estell,F,117
Nelda,F,117
Vernice,F,117
Elvera,F,115
Magnolia,F,115
Hedwig,F,114
Juliette,F,114
Aurelia,F,111
Camille,F,111
Emilie,F,111
Margarette,F,111
Petra,F,111
Vergie,F,111
Adell,F,109
Evie,F,109
Gene,F,109
Mina,F,109
Millicent,F,108
Myrtis,F,108
Ray,F,108
Tina,F,108
Alfreda,F,107
Aurora,F,107
Delphine,F,107
Elna,F,107
George,F,107
James,F,107
Ruthie,F,107
Dortha,F,105
Mittie,F,105
Bennie,F,104
Jo,F,103
Margarita,F,103
Valerie,F,103
Cathryn,F,102
Gail,F,102
Katheryn,F,102
Lyda,F,102
Charlie,F,101
Dorris,F,101
Kathlyn,F,101
Verla,F,101
Zola,F,101
Dorotha,F,100
Johnie,F,100
Rosalee,F,100
Therese,F,100
Abbie,F,99
Georgiana,F,99
Maryann,F,99
Ocie,F,99
Versie,F,99
Celeste,F,98
Hulda,F,98
Meta,F,98
Lupe,F,97
Melvina,F,97
William,F,97
Clyde,F,96
Gilda,F,96
Jaunita,F,96
Lavina,F,96
Lennie,F,96
Elouise,F,95
Ethelyn,F,95
Roslyn,F,95
Carmel,F,94
Ima,F,94
Myrna,F,94
Patsy,F,94
Winnifred,F,94
Bess,F,93
Easter,F,93
Retha,F,93
Velva,F,93
Idell,F,92
Alda,F,91
Faith,F,91
Lina,F,91
Myrtie,F,91
Esta,F,90
Verona,F,90
Almeda,F,89
Charlene,F,89
Cordelia,F,89
Lovie,F,89
Mandy,F,89
Manuela,F,89
Vernie,F,89
Camilla,F,88
Emilia,F,88
Novella,F,88
Pearline,F,88
Zula,F,88
Annabel,F,87
Eldora,F,87
Hilma,F,87
Justine,F,87
Rosamond,F,87
Antonette,F,86
Deloris,F,86
Leonora,F,86
Lida,F,86
Malinda,F,86
Rubie,F,86
Bulah,F,85
Consuelo,F,85
Crystal,F,85
Francisca,F,85
Freddie,F,85
Jenny,F,84
Lilyan,F,84
Myrtice,F,84
Reta,F,84
Rosina,F,84
Sudie,F,84
Albertha,F,83
Greta,F,83
Ilene,F,83
Bette,F,82
Ethyl,F,82
Florene,F,82
Roma,F,82
Adella,F,81
Darlene,F,81
Joanna,F,81
Kitty,F,81
Lue,F,81
Elmira,F,80
Robert,F,80
Rosemarie,F,80
Bethel,F,79
Betsy,F,79
Dorcas,F,79
Felicia,F,79
Georgianna,F,79
Octavia,F,79
Aletha,F,78
Delphia,F,78
Theodora,F,78
Tressie,F,78
Treva,F,78
Carolina,F,77
Claudine,F,77
Janette,F,77
Joe,F,77
Kathryne,F,77
Altha,F,76
Donnie,F,76
Gwen,F,76
Leatha,F,76
Letitia,F,76
Berta,F,75
Charles,F,75
Dena,F,75
Diane,F,75
Marilyn,F,75
Adela,F,74
Hildegarde,F,74
Juliet,F,74
Marvel,F,74
Nan,F,74
Arvilla,F,73
Hellen,F,73
Renee,F,73
Vincenza,F,73
Vivienne,F,73
Zona,F,73
Elenora,F,72
Madie,F,71
Susanna,F,71
Ellie,F,70
Grayce,F,70
Celestine,F,69
Cleta,F,69
Eulalia,F,69
Jettie,F,69
Joseph,F,69
Nita,F,69
Ouida,F,69
Palma,F,69
Violette,F,69
Adrienne,F,68
Chloe,F,68
Judy,F,68
Leslie,F,68
Rosia,F,68
Adaline,F,67
Kathrine,F,67
Mozell,F,67
Rachael,F,67
Alverta,F,66
Berneice,F,66
Myrle,F,66
Nedra,F,66
Emmie,F,65
Evelyne,F,65
Ludie,F,65
Pearle,F,65
Vallie,F,65
Viva,F,65
Corene,F,64
Maxie,F,64
Theo,F,64
Twila,F,64
Lavinia,F,63
Neoma,F,63
Adelle,F,62
Deborah,F,62
Dona,F,62
Elinore,F,62
Laverna,F,62
Lilla,F,62
Madaline,F,62
Magdalen,F,62
Savannah,F,62
Sibyl,F,62
Annabell,F,61
Audie,F,61
Audra,F,61
Libby,F,61
Lucretia,F,61
Marianna,F,61
Claudie,F,60
Ira,F,60
Maureen,F,60
Rosalia,F,60
Verdie,F,60
Andrea,F,59
Ardis,F,59
Bridget,F,59
Charity,F,59
Clemmie,F,59
Florida,F,59
Henry,F,59
Macie,F,59
Ossie,F,59
Rosalyn,F,59
Santa,F,59
Vina,F,59
Bonita,F,58
Elvie,F,58
Hildred,F,58
Joann,F,58
Norine,F,58
Sabina,F,58
Garnett,F,57
Kattie,F,57
Sammie,F,57
Sonia,F,57
Cathrine,F,56
Eda,F,56
Ines,F,56
Lavada,F,56
Lea,F,56
Magdalena,F,56
Margarett,F,56
Rilla,F,56
Annetta,F,55
Earnestine,F,55
Elisa,F,55
Euna,F,55
Gayle,F,55
Joanne,F,55
Martina,F,55
Pattie,F,55
Romaine,F,55
Rozella,F,55
Yvette,F,55
Adelina,F,54
Alicia,F,54
Berenice,F,54
Jayne,F,54
Jerry,F,54
Juliana,F,54
Larue,F,54
Lavon,F,54
Pinkie,F,54
Queenie,F,54
Lavern,F,53
Lilian,F,53
Luvenia,F,53
Rossie,F,53
Amalia,F,52
Angelita,F,52
Domenica,F,52
Earlene,F,52
Emogene,F,52
Fae,F,52
Glenda,F,52
Goldia,F,52
Lavonne,F,52
Mallie,F,52
Mammie,F,52
Maybell,F,52
Melissa,F,52
Neta,F,52
Stasia,F,52
Alba,F,51
Cordie,F,51
Elizebeth,F,51
Josefina,F,51
Lonnie,F,51
Louie,F,51
Minna,F,51
Nathalie,F,51
Stephania,F,51
Verlie,F,51
Aida,F,50
Alvera,F,50
Ardella,F,50
Astrid,F,50
Clarissa,F,50
Delilah,F,50
Eugenie,F,50
Hazle,F,50
Lera,F,50
Lurline,F,50
Norene,F,50
Rosanna,F,50
Roselyn,F,50
Tennie,F,50
Vita,F,50
Wynona,F,50
Concepcion,F,49
Freeda,F,49
Hertha,F,49
Marge,F,49
Naoma,F,49
Thora,F,49
Vena,F,49
Adah,F,48
Delta,F,48
Edward,F,48
Exie,F,48
Thomas,F,48
Afton,F,47
Annis,F,47
Ardith,F,47
Arlie,F,47
Elease,F,47
Georgina,F,47
Jackie,F,47
Lucie,F,47
Nova,F,47
Adelia,F,46
Bernetta,F,46
Cleora,F,46
Fairy,F,46
Frank,F,46
Louvenia,F,46
Elvina,F,45
Leonore,F,45
Lynn,F,45
Mabelle,F,45
Madonna,F,45
Pat,F,45
Signe,F,45
Syble,F,45
Arleen,F,44
Carole,F,44
Edyth,F,44
Hildegard,F,44
Imelda,F,44
Lonie,F,44
Luna,F,44
Nella,F,44
Tena,F,44
Venita,F,44
Charline,F,43
Elberta,F,43
Enola,F,43
Eveline,F,43
Laurette,F,43
Loma,F,43
Louis,F,43
Lyla,F,43
Mafalda,F,43
Marcelle,F,43
Maye,F,43
Ozella,F,43
Paul,F,43
Albertine,F,42
Ardell,F,42
Bernardine,F,42
Elenor,F,42
Etha,F,42
Gay,F,42
Inga,F,42
Isobel,F,42
Jeane,F,42
Jessica,F,42
Josefa,F,42
Madalyn,F,42
Madelene,F,42
Myrl,F,42
Ova,F,42
Reatha,F,42
Santina,F,42
Theola,F,42
Beaulah,F,41
Bernita,F,41
Corrie,F,41
Doretha,F,41
Eloisa,F,41
Emelia,F,41
Gladyce,F,41
Gregoria,F,41
Hassie,F,41
Hermina,F,41
Lavera,F,41
Vonnie,F,41
Zita,F,41
Ara,F,40
Benita,F,40
Esperanza,F,40
Flonnie,F,40
Katy,F,40
Marybelle,F,40
Meredith,F,40
Sandra,F,40
Vivien,F,40
Waneta,F,40
Amie,F,39
Antonina,F,39
Beula,F,39
Claribel,F,39
Clora,F,39
Dana,F,39
Eulah,F,39
Maryjane,F,39
Meda,F,39
Sidney,F,39
Tressa,F,39
Veta,F,39
Vilma,F,39
Zenobia,F,39
Amber,F,38
Augustine,F,38
Bettye,F,38
Drusilla,F,38
Elenore,F,38
Eudora,F,38
Harold,F,38
Lolita,F,38
Nila,F,38
Odie,F,38
Olevia,F,38
Orene,F,38
Sofia,F,38
Susanne,F,38
Vinnie,F,38
Zetta,F,38
Birtha,F,37
Daphne,F,37
Emmer,F,37
Ena,F,37
Georgette,F,37
Irine,F,37
Leonor,F,37
Malvina,F,37
Margaretta,F,37
Noreen,F,37
Ressie,F,37
Sadye,F,37
Selena,F,37
Terry,F,37
Walter,F,37
Zoe,F,37
Allean,F,36
Annamae,F,36
Antionette,F,36
Delfina,F,36
Dorathy,F,36
Ettie,F,36
Fleta,F,36
Gladis,F,36
Leda,F,36
Margarete,F,36
Margot,F,36
Trudie,F,36
Vella,F,36
Vernell,F,36
Wava,F,36
Alexandra,F,35
Alline,F,35
Antonetta,F,35
Bell,F,35
Ceola,F,35
Delpha,F,35
Florance,F,35
Golden,F,35
Ivory,F,35
Leo,F,35
Lexie,F,35
Luetta,F,35
Malissa,F,35
Marceline,F,35
Margarite,F,35
Mellie,F,35
Mozella,F,35
Noma,F,35
Serena,F,35
Zena,F,35
Alvena,F,34
Atha,F,34
Carl,F,34
Hazelle,F,34
Hermine,F,34
Janis,F,34
Jonnie,F,34
Karen,F,34
Masako,F,34
Santos,F,34
Vertie,F,34
Vlasta,F,34
Aimee,F,33
Alida,F,33
Clair,F,33
Clifford,F,33
Colleen,F,33
Creola,F,33
Dale,F,33
Dimple,F,33
Earl,F,33
Felice,F,33
Glennie,F,33
Helga,F,33
India,F,33
Inell,F,33
Jamie,F,33
Laurel,F,33
Lenna,F,33
Libbie,F,33
Luisa,F,33
Mariam,F,33
Retta,F,33
Roselle,F,33
Shizuko,F,33
Theda,F,33
Ana,F,32
Arie,F,32
Bettina,F,32
Carroll,F,32
Coletta,F,32
Cordia,F,32
Dell,F,32
Ellamae,F,32
Gizella,F,32
Herminia,F,32
Laurine,F,32
Madalene,F,32
Madlyn,F,32
Modena,F,32
Nanie,F,32
Olympia,F,32
Onie,F,32
Rosaline,F,32
Ruthe,F,32
Sula,F,32
Tomasa,F,32
Alexandria,F,31
Armella,F,31
Celesta,F,31
Christeen,F,31
Cruz,F,31
Erlene,F,31
Fred,F,31
Gertha,F,31
Henriette,F,31
Jossie,F,31
Mariah,F,31
Maurice,F,31
Merna,F,31
Odelia,F,31
Oneida,F,31
Salome,F,31
Sheila,F,31
Stacia,F,31
Arlean,F,30
Borghild,F,30
Clarence,F,30
Clementina,F,30
Colette,F,30
Dawn,F,30
Edra,F,30
Gaynell,F,30
Kittie,F,30
Leoma,F,30
Lilah,F,30
Liza,F,30
Lorenza,F,30
Lucienne,F,30
Madelon,F,30
Madolyn,F,30
Monnie,F,30
Richard,F,30
Sigrid,F,30
Veva,F,30
America,F,29
Arizona,F,29
Assunta,F,29
Beatriz,F,29
Buelah,F,29
Christene,F,29
Clotilde,F,29
Dee,F,29
Dina,F,29
Dorthea,F,29
Elfrieda,F,29
Elida,F,29
Elmer,F,29
Emeline,F,29
Flo,F,29
Francine,F,29
Hanna,F,29
Lilia,F,29
Loree,F,29
Margueritte,F,29
Margurite,F,29
Marylou,F,29
Nevada,F,29
Paralee,F,29
Prudence,F,29
Rosaria,F,29
Tempie,F,29
Trula,F,29
Willetta,F,29
Albert,F,28
Aleta,F,28
Almeta,F,28
Almira,F,28
Arlena,F,28
Bea,F,28
Carlene,F,28
Cathleen,F,28
Coral,F,28
Corean,F,28
Dallas,F,28
Ether,F,28
Eugene,F,28
Evelina,F,28
Hildreth,F,28
Laurie,F,28
Leanore,F,28
Liddie,F,28
Linnea,F,28
Loyce,F,28
Marquerite,F,28
Michelina,F,28
Mignon,F,28
Oneta,F,28
Thresa,F,28
Vernetta,F,28
Willard,F,28
Willia,F,28
Adline,F,27
Aili,F,27
Albertina,F,27
Ardelia,F,27
Arnetta,F,27
Aurore,F,27
Blossom,F,27
Burnice,F,27
Clarabelle,F,27
Cleone,F,27
Dinah,F,27
Elfreda,F,27
Eura,F,27
Felipa,F,27
Kathaleen,F,27
Leonie,F,27
Lyle,F,27
Marye,F,27
Melvin,F,27
Ofelia,F,27
Patty,F,27
Portia,F,27
Virgil,F,27
Yoshiko,F,27
Aleen,F,26
Alleen,F,26
Bula,F,26
Cherry,F,26
Dola,F,26
Erline,F,26
Gabrielle,F,26
Helyn,F,26
Icie,F,26
Icy,F,26
Ilah,F,26
Izora,F,26
Jesse,F,26
Lahoma,F,26
Lala,F,26
Lorean,F,26
Luz,F,26
Marry,F,26
Maryellen,F,26
Marylee,F,26
Paulina,F,26
Raymond,F,26
Roseanna,F,26
Stefania,F,26
Valda,F,26
Vennie,F,26
Verena,F,26
Vonda,F,26
Willene,F,26
Abigail,F,25
Aggie,F,25
Agness,F,25
Aliene,F,25
Allen,F,25
Ardath,F,25
Arthur,F,25
Capitola,F,25
Catalina,F,25
Clarine,F,25
Dagmar,F,25
Delcie,F,25
Elene,F,25
Ethelene,F,25
Henretta,F,25
Howard,F,25
Ilo,F,25
Isla,F,25
Izetta,F,25
Izola,F,25
Jeffie,F,25
Leonia,F,25
Lossie,F,25
Mathilde,F,25
Maymie,F,25
Phebe,F,25
Rosabelle,F,25
Rosebud,F,25
Theodosia,F,25
Theora,F,25
Vela,F,25
Virgia,F,25
Wylma,F,25
Zettie,F,25
Alease,F,24
Alverna,F,24
Aretha,F,24
Aretta,F,24
Bernie,F,24
Carmelita,F,24
Chrystal,F,24
Cleda,F,24
Concha,F,24
Dorothe,F,24
Edrie,F,24
Elvia,F,24
Emmaline,F,24
Erie,F,24
Garnette,F,24
Gennie,F,24
Gina,F,24
Harry,F,24
Haruko,F,24
Honora,F,24
Ingrid,F,24
Laurene,F,24
Leanna,F,24
Lelah,F,24
Lovina,F,24
Luciel,F,24
Luverne,F,24
Maida,F,24
Mariana,F,24
Melda,F,24
Mertie,F,24
Milda,F,24
Missouri,F,24
Otilia,F,24
Ozie,F,24
Silvia,F,24
Vashti,F,24
Verle,F,24
Versa,F,24
Verta,F,24
Alvira,F,23
Arabella,F,23
Buena,F,23
Carma,F,23
Classie,F,23
Dannie,F,23
Delsie,F,23
Denise,F,23
Doreen,F,23
Elnor,F,23
Elta,F,23
Erla,F,23
Everlena,F,23
Gemma,F,23
Hildur,F,23
Illa,F,23
Ingeborg,F,23
Jodie,F,23
Lady,F,23
Lethia,F,23
Maebelle,F,23
Manda,F,23
Marcelina,F,23
Mayola,F,23
Melinda,F,23
Mickey,F,23
Mossie,F,23
Noella,F,23
Nonie,F,23
Oda,F,23
Olla,F,23
Pasqualina,F,23
Rema,F,23
Roselee,F,23
Simona,F,23
Sydney,F,23
Trinidad,F,23
Ula,F,23
Williemae,F,23
Wilna,F,23
Zadie,F,23
Aldona,F,22
Alison,F,22
Alyne,F,22
Aune,F,22
Azalee,F,22
Becky,F,22
Birtie,F,22
Cammie,F,22
Cleola,F,22
Delora,F,22
Faustina,F,22
Floretta,F,22
Fredericka,F,22
Gudrun,F,22
Hortencia,F,22
Jack,F,22
Jeanie,F,22
Jeannie,F,22
Jennette,F,22
Jeraldine,F,22
Johnsie,F,22
Jule,F,22
Lacy,F,22
Laila,F,22
Lavelle,F,22
Margrett,F,22
Mercy,F,22
Omega,F,22
Omie,F,22
Osie,F,22
Peggie,F,22
Pollie,F,22
Rafaela,F,22
Rea,F,22
Romayne,F,22
Rosita,F,22
Simone,F,22
Sophronia,F,22
Valentina,F,22
Veola,F,22
Vernon,F,22
Zelpha,F,22
Aleene,F,21
Alverda,F,21
Ammie,F,21
Avie,F,21
Blanchie,F,21
Bobby,F,21
Ceil,F,21
Columbia,F,21
David,F,21
Dominga,F,21
Dottie,F,21
Drucilla,F,21
Edmonia,F,21
Electa,F,21
Ellena,F,21
Eola,F,21
Erin,F,21
Florrie,F,21
Frona,F,21
Georgene,F,21
Glenn,F,21
Heloise,F,21
Idamae,F,21
Julianna,F,21
Kenneth,F,21
Lella,F,21
Leocadia,F,21
Leontine,F,21
Letty,F,21
Loreta,F,21
Lorretta,F,21
Lurlene,F,21
Lynette,F,21
Macel,F,21
Marlene,F,21
Mennie,F,21
Nada,F,21
Nelma,F,21
Nelva,F,21
Norah,F,21
Olean,F,21
Otha,F,21
Ottie,F,21
Parthenia,F,21
Phillis,F,21
Roy,F,21
Rutha,F,21
Sister,F,21
Sonya,F,21
Steffie,F,21
Suzanna,F,21
Sylva,F,21
Terese,F,21
Thomasine,F,21
Valborg,F,21
Velia,F,21
Venice,F,21
Vernia,F,21
Will,F,21
Albena,F,20
Arrie,F,20
Audrie,F,20
Audry,F,20
Berdie,F,20
Bert,F,20
Billy,F,20
Cleopatra,F,20
Dorathea,F,20
Ebba,F,20
Eleonore,F,20
Ernestina,F,20
Ersie,F,20
Fannye,F,20
Floreine,F,20
Francesca,F,20
Francies,F,20
Gaynelle,F,20
Gerda,F,20
Irena,F,20
Janina,F,20
Josiephine,F,20
Kathern,F,20
Lawrence,F,20
Leana,F,20
Lissie,F,20
Maebell,F,20
Naida,F,20
Neola,F,20
Nicolina,F,20
Oletha,F,20
Ozell,F,20
Rochelle,F,20
Samantha,F,20
Venus,F,20
Violetta,F,20
Ailene,F,19
Altie,F,19
Angelica,F,19
Annamarie,F,19
Annice,F,19
Ardelle,F,19
Arietta,F,19
Arletta,F,19
Arlyne,F,19
Augustina,F,19
Blondell,F,19
Brownie,F,19
Cara,F,19
Cathern,F,19
Catheryn,F,19
Celina,F,19
Donald,F,19
Dulcie,F,19
Earlie,F,19
Ednamae,F,19
Elzie,F,19
Emmy,F,19
Estefana,F,19
Evia,F,19
Fleeta,F,19
Floyd,F,19
Genoveva,F,19
Georgine,F,19
Inis,F,19
Janey,F,19
Johnny,F,19
Justina,F,19
Lavenia,F,19
Lavonia,F,19
Livia,F,19
Loise,F,19
Lorette,F,19
Lucyle,F,19
Lurene,F,19
Lynne,F,19
Mabell,F,19
Nena,F,19
Odette,F,19
Odile,F,19
Olivette,F,19
Refugia,F,19
Rella,F,19
Roena,F,19
Romana,F,19
Rona,F,19
Shizue,F,19
Thea,F,19
Toby,F,19
Toshiko,F,19
Trudy,F,19
Valentine,F,19
Vannie,F,19
Willette,F,19
Yola,F,19
Zada,F,19
Adrian,F,18
Alys,F,18
Anabel,F,18
Anice,F,18
Anniemae,F,18
Beata,F,18
Bernard,F,18
Beuna,F,18
Bill,F,18
Buna,F,18
Carry,F,18
Celestia,F,18
Chester,F,18
Christie,F,18
Courtney,F,18
Cuba,F,18
Dean,F,18
Dicie,F,18
Docia,F,18
Dorene,F,18
Dorthey,F,18
Emaline,F,18
Ermine,F,18
Ernest,F,18
Felicitas,F,18
Florie,F,18
Fronie,F,18
Genevive,F,18
Helma,F,18
Helmi,F,18
Herma,F,18
Ivah,F,18
Jeanetta,F,18
Jesusa,F,18
Lannie,F,18
Larene,F,18
Lavona,F,18
Leva,F,18
Lodema,F,18
Loleta,F,18
Loris,F,18
Lourine,F,18
Lular,F,18
Maple,F,18
Marina,F,18
Marylouise,F,18
Matilde,F,18
Mimi,F,18
Modesta,F,18
Neita,F,18
Onnie,F,18
Orma,F,18
Patience,F,18
Rebekah,F,18
Roxanna,F,18
Sam,F,18
Valera,F,18
Velta,F,18
Veryl,F,18
Vicie,F,18
Vienna,F,18
Wilhelmine,F,18
Zela,F,18
Alean,F,17
Anner,F,17
Arabelle,F,17
Aubrey,F,17
Caldonia,F,17
Carla,F,17
Caryl,F,17
Claris,F,17
Congetta,F,17
Corina,F,17
Dahlia,F,17
Daisey,F,17
Darline,F,17
Donie,F,17
Elfie,F,17
Elois,F,17
Ethlyn,F,17
Evaline,F,17
Flavia,F,17
Gale,F,17
Gearldine,F,17
Genevia,F,17
Genevie,F,17
Georgetta,F,17
Glendora,F,17
Ileen,F,17
Imo,F,17
Isa,F,17
Katheryne,F,17
Kizzie,F,17
Launa,F,17
Leon,F,17
Leonarda,F,17
Loretto,F,17
Macy,F,17
Mada,F,17
Marguerita,F,17
Marta,F,17
Maryanna,F,17
Maryanne,F,17
Merry,F,17
Metta,F,17
Murl,F,17
Olene,F,17
Oneita,F,17
Orelia,F,17
Otelia,F,17
Raffaela,F,17
Robena,F,17
Rosena,F,17
Selina,F,17
Tess,F,17
Tiny,F,17
Toni,F,17
Twyla,F,17
Vassie,F,17
Verne,F,17
Villa,F,17
Wilhelmena,F,17
Wilmer,F,17
Yolande,F,17
Zeta,F,17
Adda,F,16
Archie,F,16
Arla,F,16
Arvella,F,16
Bee,F,16
Bernyce,F,16
Carlota,F,16
Carlotta,F,16
Carmelina,F,16
Curtis,F,16
Delila,F,16
Eathel,F,16
Eleonora,F,16
Ellene,F,16
Enis,F,16
Erminia,F,16
Evlyn,F,16
Forrest,F,16
Frederica,F,16
Giovanna,F,16
Girlie,F,16
Glada,F,16
Glady,F,16
Goldye,F,16
Gretta,F,16
Hessie,F,16
Hyacinth,F,16
Idabelle,F,16
Kathyrn,F,16
Katrina,F,16
Lanie,F,16
Lassie,F,16
Laveta,F,16
Lempi,F,16
Lilie,F,16
Lotus,F,16
Lucill,F,16
Madgie,F,16
Mahala,F,16
Majorie,F,16
Manuelita,F,16
Margeret,F,16
Maryan,F,16
Maudine,F,16
Meryl,F,16
Michael,F,16
Mila,F,16
Minta,F,16
Montie,F,16
Natalia,F,16
Nealie,F,16
Neomia,F,16
Nicolasa,F,16
Nolia,F,16
Novie,F,16
Olinda,F,16
Patti,F,16
Penelope,F,16
Phyliss,F,16
Raye,F,16
Reita,F,16
Rosario,F,16
Soledad,F,16
Sydelle,F,16
Thais,F,16
Thyra,F,16
Tilda,F,16
Tsuruko,F,16
Velna,F,16
Vernelle,F,16
Vira,F,16
Waunita,F,16
Wilhemina,F,16
Zilpha,F,16
Zina,F,16
Adel,F,15
Adelene,F,15
Alfred,F,15
Arbutus,F,15
Armida,F,15
Aura,F,15
Betsey,F,15
Bina,F,15
Brenda,F,15
Calista,F,15
Camella,F,15
Candelaria,F,15
Carlie,F,15
Casimira,F,15
Charlsie,F,15
Cleona,F,15
Clotilda,F,15
Doretta,F,15
Elnore,F,15
Elodie,F,15
Elynor,F,15
Emelda,F,15
Enes,F,15
Epsie,F,15
Ermina,F,15
Ethyle,F,15
Evalena,F,15
Evelena,F,15
Floria,F,15
Floris,F,15
Fortunata,F,15
Fredia,F,15
Fumiko,F,15
Gena,F,15
Hilaria,F,15
Holly,F,15
Ica,F,15
Isadora,F,15
Jacquelyn,F,15
Jannette,F,15
Jay,F,15
Katharyn,F,15
Kaye,F,15
Kiyoko,F,15
Lanelle,F,15
Lollie,F,15
Lorina,F,15
Louetta,F,15
Lynda,F,15
Malissie,F,15
Mardell,F,15
Margrette,F,15
Marrie,F,15
Montez,F,15
Nadean,F,15
Netta,F,15
Nida,F,15
Odella,F,15
Oline,F,15
Oralee,F,15
Ozelle,F,15
Paulene,F,15
Pennie,F,15
Perry,F,15
Petrina,F,15
Phylis,F,15
Rene,F,15
Rina,F,15
Sedalia,F,15
Thalia,F,15
Tinnie,F,15
Tresa,F,15
Tula,F,15
Veatrice,F,15
Verdell,F,15
Verma,F,15
Verneda,F,15
Wenonah,F,15
Adelyne,F,14
Aldine,F,14
Anthony,F,14
Apolonia,F,14
Ardie,F,14
Arletha,F,14
Artis,F,14
Berna,F,14
Channie,F,14
Charleen,F,14
Christena,F,14
Corrinne,F,14
Daniel,F,14
Dennie,F,14
Dorine,F,14
Dorothey,F,14
Dossie,F,14
Earlean,F,14
Edithe,F,14
Edla,F,14
Elmina,F,14
Ema,F,14
Equilla,F,14
Ermal,F,14
Erva,F,14
Ethelyne,F,14
Eulalie,F,14
Florentine,F,14
Floriene,F,14
Floyce,F,14
Fredda,F,14
Gaetana,F,14
Gerry,F,14
Henritta,F,14
Herbert,F,14
Herman,F,14
Hortensia,F,14
Huldah,F,14
Inza,F,14
Italia,F,14
Ivey,F,14
Jesusita,F,14
Katherin,F,14
Letta,F,14
Lidia,F,14
Lockie,F,14
Lorayne,F,14
Loyola,F,14
Lucylle,F,14
Luevenia,F,14
Malissia,F,14
Marcile,F,14
Margo,F,14
Marita,F,14
Martin,F,14
Maryetta,F,14
Mattye,F,14
Maysel,F,14
Medora,F,14
Nanette,F,14
Natividad,F,14
Necie,F,14
Nezzie,F,14
Ottilie,F,14
Parlee,F,14
Paulyne,F,14
Pearlene,F,14
Pearly,F,14
Pluma,F,14
Princess,F,14
Rheba,F,14
Sebastiana,F,14
Stacy,F,14
Tomasita,F,14
Tommy,F,14
Vinita,F,14
Virgina,F,14
Voncile,F,14
Adelyn,F,13
Adriana,F,13
Alena,F,13
Alethea,F,13
Alethia,F,13
Almedia,F,13
Annalee,F,13
Argie,F,13
Audria,F,13
Ayako,F,13
Beatrix,F,13
Benedetta,F,13
Bernece,F,13
Bertina,F,13
Billye,F,13
Bruna,F,13
Burnette,F,13
Carey,F,13
Carrol,F,13
Catarina,F,13
Caterina,F,13
Chiyoko,F,13
Claude,F,13
Clelia,F,13
Clella,F,13
Clemence,F,13
Climmie,F,13
Clorinda,F,13
Clover,F,13
Clydie,F,13
Coralee,F,13
Dagny,F,13
Dessa,F,13
Dorethea,F,13
Dorothie,F,13
Doshie,F,13
Earle,F,13
Edris,F,13
Elba,F,13
Eleonor,F,13
Elin,F,13
Ellis,F,13
Ellouise,F,13
Elza,F,13
Elzora,F,13
Erdine,F,13
Esma,F,13
Estela,F,13
Evalina,F,13
Evon,F,13
Exa,F,13
Fernande,F,13
Foy,F,13
Genie,F,13
Girtie,F,13
Glennis,F,13
Gola,F,13
Guinevere,F,13
Hasel,F,13
Idelle,F,13
Jacquelin,F,13
Jeannine,F,13
Jessamine,F,13
Johnetta,F,13
Judie,F,13
Julian,F,13
Kimiko,F,13
Leita,F,13
Lewis,F,13
Lilliemae,F,13
Lloyd,F,13
Lovell,F,13
Loy,F,13
Luberta,F,13
Lutie,F,13
Madora,F,13
Maisie,F,13
Mamye,F,13
Mandie,F,13
Marilla,F,13
Marlys,F,13
Marvis,F,13
Maydell,F,13
Micaela,F,13
Murriel,F,13
Nelia,F,13
Nelly,F,13
Nolie,F,13
Nonnie,F,13
Norman,F,13
Odessia,F,13
Oletta,F,13
Otis,F,13
Pamela,F,13
Patrica,F,13
Penny,F,13
Philomene,F,13
Pilar,F,13
Ralph,F,13
Reather,F,13
Reda,F,13
Signa,F,13
Sonja,F,13
Stanislawa,F,13
Sunny,F,13
Susana,F,13
Thera,F,13
Tilly,F,13
Ura,F,13
Verba,F,13
Vern,F,13
Wanetta,F,13
Zell,F,13
Agustina,F,12
Allyne,F,12
Amparo,F,12
Andrew,F,12
Annamay,F,12
Antoinetta,F,12
Arkie,F,12
Arlee,F,12
Arnold,F,12
Artelia,F,12
Avanelle,F,12
Beadie,F,12
Bera,F,12
Berthe,F,12
Beryle,F,12
Birda,F,12
Birdell,F,12
Burnetta,F,12
Camelia,F,12
Celestina,F,12
Celie,F,12
Celine,F,12
Cinda,F,12
Clarinda,F,12
Clemencia,F,12
Clemie,F,12
Clio,F,12
Concettina,F,12
Corena,F,12
Cristina,F,12
Dallie,F,12
Daphna,F,12
Delois,F,12
Dema,F,12
Earleen,F,12
Ela,F,12
Elner,F,12
Emelie,F,12
Etter,F,12
Eufemia,F,12
Evah,F,12
Everett,F,12
Evva,F,12
Felicita,F,12
Florinda,F,12
Fredonia,F,12
Gabriella,F,12
Georgena,F,12
Glen,F,12
Gusta,F,12
Hollis,F,12
Ignacia,F,12
Irean,F,12
Ireta,F,12
Janett,F,12
Jestine,F,12
Jovita,F,12
Laurena,F,12
Laurice,F,12
Lavaun,F,12
Lavone,F,12
Leeta,F,12
Lesta,F,12
Lester,F,12
Lillis,F,12
Lisa,F,12
Lorinda,F,12
Lovella,F,12
Luanna,F,12
Luellen,F,12
Lugenia,F,12
Mai,F,12
Maizie,F,12
Manie,F,12
Margaretha,F,12
Marget,F,12
Margherita,F,12
Minette,F,12
Mirian,F,12
Monna,F,12
Montine,F,12
Moselle,F,12
Naomia,F,12
Nicoletta,F,12
Nobie,F,12
Obie,F,12
Oliver,F,12
Orlena,F,12
Ottilia,F,12
Ovie,F,12
Pearlean,F,12
Persis,F,12
Peter,F,12
Piccola,F,12
Rosemond,F,12
Rosey,F,12
Rozelle,F,12
Russell,F,12
Sallye,F,12
Scottie,F,12
Shellie,F,12
Stephany,F,12
Sweetie,F,12
Syd,F,12
Sydell,F,12
Sylvania,F,12
Tennessee,F,12
Thomasina,F,12
Tom,F,12
Tracy,F,12
Verdia,F,12
Vona,F,12
Willena,F,12
Wyona,F,12
Yoshie,F,12
Zara,F,12
Abby,F,11
Aldina,F,11
Aldora,F,11
Alfretta,F,11
Alla,F,11
Allison,F,11
Aloise,F,11
Amada,F,11
Antoniette,F,11
Arleta,F,11
Armenta,F,11
Arminta,F,11
Arvie,F,11
Avanell,F,11
Azalia,F,11
Azzie,F,11
Belma,F,11
Bertice,F,11
Birdia,F,11
Carola,F,11
Cecille,F,11
Clarisse,F,11
Clema,F,11
Cliffie,F,11
Corabelle,F,11
Cornelius,F,11
Cumi,F,11
Davie,F,11
Dellie,F,11
Demaris,F,11
Dominica,F,11
Donalda,F,11
Dot,F,11
Elia,F,11
Ellyn,F,11
Elodia,F,11
Elvena,F,11
Enda,F,11
Enriqueta,F,11
Ernie,F,11
Estel,F,11
Etna,F,11
Etoile,F,11
Eulene,F,11
Euphemia,F,11
Evelene,F,11
Evelynn,F,11
Fabiola,F,11
Floree,F,11
Floye,F,11
Genieve,F,11
Georganna,F,11
Geraldyne,F,11
Gertrue,F,11
Girtha,F,11
Girtrude,F,11
Glenys,F,11
Grethel,F,11
Gweneth,F,11
Hollie,F,11
Iantha,F,11
Ilda,F,11
Janetta,F,11
Junie,F,11
Junita,F,11
Karin,F,11
Kelly,F,11
Lanora,F,11
Laurabelle,F,11
Lavella,F,11
Leanora,F,11
Lear,F,11
Levia,F,11
Lilas,F,11
Lillia,F,11
Lillyan,F,11
Lita,F,11
Luceil,F,11
Ludy,F,11
Lulla,F,11
Luvina,F,11
Lyndell,F,11
Magdaline,F,11
Mardelle,F,11
Maree,F,11
Mari,F,11
Maryalice,F,11
Marzella,F,11
Matie,F,11
Mayo,F,11
Merl,F,11
Mettie,F,11
Mitsuko,F,11
Mora,F,11
Nadene,F,11
Nannette,F,11
Nelsie,F,11
Neomi,F,11
Noel,F,11
Obera,F,11
Odelle,F,11
Odetta,F,11
Olar,F,11
Olena,F,11
Olie,F,11
Opha,F,11
Oral,F,11
Oree,F,11
Orvetta,F,11
Othella,F,11
Perline,F,11
Petronella,F,11
Reola,F,11
Reyes,F,11
Rheta,F,11
Rosabell,F,11
Rushie,F,11
Sabra,F,11
Sena,F,11
Sherry,F,11
Solveig,F,11
Teodora,F,11
Theresia,F,11
Thressa,F,11
Trixie,F,11
Unknown,F,11
Van,F,11
Veneta,F,11
Vermell,F,11
Vernita,F,11
Vester,F,11
Victorine,F,11
Vieno,F,11
Vila,F,11
Viney,F,11
Vista,F,11
Wauneta,F,11
Willow,F,11
Woodie,F,11
Zelia,F,11
Zuma,F,11
Adalene,F,10
Adelaida,F,10
Adrianna,F,10
Aldonia,F,10
Alfrieda,F,10
Alita,F,10
Allegra,F,10
Allena,F,10
Alliene,F,10
Alvin,F,10
Alyse,F,10
Amma,F,10
Angele,F,10
Annielee,F,10
Arcola,F,10
Ardena,F,10
Armenia,F,10
Athena,F,10
Beatryce,F,10
Belinda,F,10
Belvia,F,10
Ben,F,10
Blonnie,F,10
Calla,F,10
Candida,F,10
Carmie,F,10
Cary,F,10
Charlena,F,10
Cherie,F,10
Christabel,F,10
Christobel,F,10
Clarabell,F,10
Claretta,F,10
Claudina,F,10
Clothilde,F,10
Collette,F,10
Conchetta,F,10
Corinna,F,10
Cyrilla,F,10
Dellar,F,10
Delphina,F,10
Doll,F,10
Douglas,F,10
Edda,F,10
Edell,F,10
Elmire,F,10
Elmyra,F,10
Elzada,F,10
Ennis,F,10
Ercie,F,10
Estie,F,10
Etheline,F,10
Eudell,F,10
Eulala,F,10
Eutha,F,10
Evangelina,F,10
Ever,F,10
Everlyn,F,10
Ferol,F,10
Florabelle,F,10
Forest,F,10
Foye,F,10
Fronnie,F,10
Gabriela,F,10
Geneieve,F,10
Genola,F,10
Genowefa,F,10
Gilberte,F,10
Giuseppina,F,10
Glenora,F,10
Grady,F,10
Gustava,F,10
Helvi,F,10
Ilse,F,10
Irja,F,10
Ivis,F,10
Jeannetta,F,10
Jim,F,10
Jocelyn,F,10
Jocie,F,10
Johannah,F,10
Johnnye,F,10
Kiyo,F,10
Lattie,F,10
Lavaughn,F,10
Laveda,F,10
Lema,F,10
Levina,F,10
Lillion,F,10
Lorrayne,F,10
Lotta,F,10
Louanna,F,10
Louisiana,F,10
Loula,F,10
Lova,F,10
Love,F,10
Luba,F,10
Luddie,F,10
Ludmilla,F,10
Lugene,F,10
Lyndall,F,10
Madelaine,F,10
Madelyne,F,10
Mahalia,F,10
Maire,F,10
Mame,F,10
Mannie,F,10
Margretta,F,10
Marvin,F,10
Maryhelen,F,10
Maudell,F,10
Maurene,F,10
Mearl,F,10
Melrose,F,10
Merrill,F,10
Milly,F,10
Milton,F,10
Mima,F,10
Minnette,F,10
Mitsue,F,10
Murrel,F,10
Murrell,F,10
Okla,F,10
Oliva,F,10
Oneda,F,10
Onita,F,10
Opie,F,10
Orena,F,10
Oris,F,10
Orla,F,10
Othel,F,10
Ovella,F,10
Pamelia,F,10
Prince,F,10
Providence,F,10
Reginia,F,10
Rhena,F,10
Romona,F,10
Roseann,F,10
Ruie,F,10
Saima,F,10
Salvatrice,F,10
Sarrah,F,10
Sidonia,F,10
Simonne,F,10
Smithie,F,10
Socorro,F,10
Statia,F,10
Stefanie,F,10
Tanya,F,10
Teckla,F,10
Teruko,F,10
Thella,F,10
Tommye,F,10
Vanda,F,10
Venetta,F,10
Vercie,F,10
Verline,F,10
Versia,F,10
Vicki,F,10
Virdie,F,10
Wanna,F,10
Wilhelmenia,F,10
Willo,F,10
Zeola,F,10
Zera,F,10
Zilla,F,10
Zillah,F,10
Adalyn,F,9
Adina,F,9
Agusta,F,9
Ailie,F,9
Aina,F,9
Almeter,F,9
Almetta,F,9
Alvilda,F,9
Alwilda,F,9
Alyene,F,9
Angelena,F,9
Angella,F,9
Anise,F,9
Antha,F,9
Antonietta,F,9
Ardys,F,9
Armanda,F,9
Audre,F,9
Aurilla,F,9
Axie,F,9
Azalea,F,9
Barbra,F,9
Berneda,F,9
Brooksie,F,9
Byrdie,F,9
Carline,F,9
Cassandra,F,9
Cele,F,9
Charley,F,9
Chieko,F,9
China,F,9
Chloris,F,9
Clarene,F,9
Cleota,F,9
Clyda,F,9
Corda,F,9
Dartha,F,9
Decima,F,9
Deola,F,9
Doloris,F,9
Dosha,F,9
Dotty,F,9
Doyle,F,9
Drue,F,9
Earnesteen,F,9
Echo,F,9
Eila,F,9
Eilene,F,9
Eithel,F,9
Elcie,F,9
Eldred,F,9
Eliene,F,9
Ellar,F,9
Ellinor,F,9
Elvin,F,9
Elynore,F,9
Emmalou,F,9
Eulamae,F,9
Evalee,F,9
Evelynne,F,9
Ezell,F,9
Faustine,F,9
Fawn,F,9
Feliciana,F,9
Fernanda,F,9
Florencia,F,9
Florice,F,9
Fontella,F,9
France,F,9
Geneve,F,9
Genevra,F,9
Georgian,F,9
Glena,F,9
Guida,F,9
Gunhild,F,9
Haley,F,9
Henryetta,F,9
Herlinda,F,9
Hermia,F,9
Hermie,F,9
Hildagard,F,9
Hisako,F,9
Homer,F,9
Icey,F,9
Ilean,F,9
Iler,F,9
Irva,F,9
Isma,F,9
Iver,F,9
Jacinta,F,9
Jetta,F,9
Josefita,F,9
Josepha,F,9
Juliann,F,9
Katheleen,F,9
Katherene,F,9
Ladonna,F,9
Lallie,F,9
Lana,F,9
Lavena,F,9
Leanor,F,9
Leitha,F,9
Leland,F,9
Lelar,F,9
Leoda,F,9
Leonard,F,9
Levie,F,9
Littie,F,9
Loney,F,9
Loretha,F,9
Lota,F,9
Louellen,F,9
Louvena,F,9
Louvinia,F,9
Lovenia,F,9
Lu,F,9
Lubertha,F,9
Lucetta,F,9
Luise,F,9
Maragret,F,9
Margart,F,9
Margorie,F,9
Marsha,F,9
Marvine,F,9
Maryon,F,9
Maryrose,F,9
Maudelle,F,9
Media,F,9
Meriam,F,9
Merlyn,F,9
Mertice,F,9
Mitzi,F,9
Morene,F,9
Murel,F,9
Myrta,F,9
Nana,F,9
Nancie,F,9
Nanna,F,9
Naomie,F,9
Noble,F,9
Norrine,F,9
Oddie,F,9
Odeal,F,9
Odean,F,9
Odis,F,9
Onalee,F,9
Ople,F,9
Oralia,F,9
Orie,F,9
Orilla,F,9
Orva,F,9
Ota,F,9
Oza,F,9
Page,F,9
Pecola,F,9
Pecolia,F,9
Perlie,F,9
Radie,F,9
Ragna,F,9
Raphael,F,9
Raquel,F,9
Robie,F,9
Rosalina,F,9
Rosamae,F,9
Roseline,F,9
Rubbie,F,9
Rubylee,F,9
Ruthella,F,9
Saddie,F,9
Salena,F,9
Samuel,F,9
Savilla,F,9
Sharon,F,9
Sherley,F,9
Sofie,F,9
Stephana,F,9
Sunshine,F,9
Sylvester,F,9
Taimi,F,9
Tekla,F,9
Tellie,F,9
Temple,F,9
Thecla,F,9
Thekla,F,9
Toy,F,9
Toye,F,9
Trina,F,9
Valeda,F,9
Venie,F,9
Verlia,F,9
Verlin,F,9
Vernal,F,9
Vernette,F,9
Vicenta,F,9
Vietta,F,9
Walterine,F,9
Wenona,F,9
Wessie,F,9
Willamae,F,9
Willis,F,9
Willma,F,9
Willye,F,9
Wilmoth,F,9
Yonnie,F,9
Zelphia,F,9
Adlene,F,8
Adra,F,8
Adria,F,8
Alcie,F,8
Aldea,F,8
Alfa,F,8
Alie,F,8
Almyra,F,8
Alphia,F,8
Alveda,F,8
Alvia,F,8
Alvie,F,8
Alzina,F,8
Anniebell,F,8
Armelia,F,8
Arminda,F,8
Arta,F,8
Attie,F,8
Auda,F,8
Babe,F,8
Balbina,F,8
Bebe,F,8
Betha,F,8
Bianca,F,8
Blannie,F,8
Bonna,F,8
Bronislawa,F,8
Burnell,F,8
Canary,F,8
Carletta,F,8
Carlyn,F,8
Carmina,F,8
Caro,F,8
Carolyne,F,8
Celena,F,8
Cherrie,F,8
Chiyo,F,8
Chris,F,8
Christiana,F,8
Cindy,F,8
Cipriana,F,8
Clifton,F,8
Cloie,F,8
Clois,F,8
Clorene,F,8
Clotile,F,8
Clova,F,8
Coila,F,8
Cola,F,8
Coleen,F,8
Coleta,F,8
Coline,F,8
Conchita,F,8
Coralie,F,8
Cova,F,8
Daisie,F,8
Dasie,F,8
Davis,F,8
Deanie,F,8
Debbie,F,8
Deette,F,8
Delena,F,8
Demetra,F,8
Demetria,F,8
Dennis,F,8
Dera,F,8
Deva,F,8
Domitila,F,8
Donia,F,8
Doreatha,F,8
Dorice,F,8
Dorsey,F,8
Dosie,F,8
Earla,F,8
Eartha,F,8
Effa,F,8
Eleen,F,8
Elen,F,8
Elga,F,8
Elgie,F,8
Elizbeth,F,8
Elsye,F,8
Ercel,F,8
Erlinda,F,8
Ermie,F,8
Etola,F,8
Etoy,F,8
Evamae,F,8
Evea,F,8
Ezelle,F,8
Fanchon,F,8
Fayetta,F,8
Feliz,F,8
Fleda,F,8
Florena,F,8
Fran,F,8
Frederick,F,8
Fronia,F,8
Gaye,F,8
Ginger,F,8
Glee,F,8
Glendola,F,8
Gratia,F,8
Guy,F,8
Harue,F,8
Heather,F,8
Hellon,F,8
Helon,F,8
Ilma,F,8
Ilona,F,8
Iness,F,8
Iretta,F,8
Ivie,F,8
Jan,F,8
Jerome,F,8
Jimmy,F,8
Joella,F,8
Juel,F,8
Julianne,F,8
Katherina,F,8
Keturah,F,8
Kikue,F,8
Lacie,F,8
Laina,F,8
Lauraine,F,8
Leafy,F,8
Leala,F,8
Leather,F,8
Lemma,F,8
Levada,F,8
Lillias,F,8
Lisbeth,F,8
Lisette,F,8
Loa,F,8
Loie,F,8
Lorrine,F,8
Luceal,F,8
Lucina,F,8
Luverta,F,8
Macil,F,8
Mackie,F,8
Maddie,F,8
Madine,F,8
Mahalie,F,8
Maie,F,8
Margerie,F,8
Margrete,F,8
Mariann,F,8
Marjie,F,8
Mark,F,8
Marvella,F,8
Masae,F,8
Mazelle,F,8
Melania,F,8
Melanie,F,8
Melvia,F,8
Mena,F,8
Merie,F,8
Minola,F,8
Miranda,F,8
Mollye,F,8
Monta,F,8
Morris,F,8
Mozel,F,8
Murphy,F,8
Nadyne,F,8
Narcissus,F,8
Neda,F,8
Nicolena,F,8
Nieves,F,8
Nondas,F,8
Obelia,F,8
Octavie,F,8
Odessie,F,8
Olamae,F,8
Oleva,F,8
Orbie,F,8
Oretha,F,8
Oscar,F,8
Otie,F,8
Oveda,F,8
Ozzie,F,8
Palmina,F,8
Percy,F,8
Permelia,F,8
Rebeca,F,8
Rebie,F,8
Regena,F,8
Relda,F,8
Rennie,F,8
Rhodie,F,8
Rica,F,8
Ronnie,F,8
Rosalinda,F,8
Rosanne,F,8
Rozena,F,8
Rudy,F,8
Russie,F,8
Samella,F,8
Serafina,F,8
Sina,F,8
Stacie,F,8
Stanley,F,8
Susannah,F,8
Teofila,F,8
Tera,F,8
Texie,F,8
Theressa,F,8
Thersa,F,8
Thetis,F,8
Travis,F,8
Trena,F,8
Troy,F,8
Vadie,F,8
Valma,F,8
Valree,F,8
Valrie,F,8
Velvie,F,8
Venera,F,8
Venna,F,8
Verniece,F,8
Vessie,F,8
Vica,F,8
Victor,F,8
Vincenzina,F,8
Vola,F,8
Walsie,F,8
Wanita,F,8
Wavie,F,8
Wilbur,F,8
Wilmina,F,8
Wilsie,F,8
Wreatha,F,8
Wyolene,F,8
Xenia,F,8
Ysabel,F,8
Yukiko,F,8
Adelma,F,7
Adine,F,7
Adna,F,7
Aiko,F,7
Aileene,F,7
Al,F,7
Ala,F,7
Aletta,F,7
Alexander,F,7
Alexandrina,F,7
Alfhild,F,7
Allice,F,7
Alter,F,7
Althia,F,7
Alton,F,7
Alvine,F,7
Ama,F,7
Amelie,F,7
Amey,F,7
Anamae,F,7
Anastacia,F,7
Anetta,F,7
Angel,F,7
Angelia,F,7
Angelyn,F,7
Anie,F,7
Aniela,F,7
Annelle,F,7
Annunziata,F,7
Arena,F,7
Aria,F,7
Ariel,F,7
Armine,F,7
Arneta,F,7
Arnita,F,7
Asta,F,7
Athalee,F,7
Athalie,F,7
Audine,F,7
Audree,F,7
Aurel,F,7
Aurella,F,7
Avery,F,7
Azilee,F,7
Azlee,F,7
Babette,F,7
Barbarita,F,7
Beatric,F,7
Bena,F,7
Berdene,F,7
Berline,F,7
Blanca,F,7
Blossie,F,7
Bronnie,F,7
Bruce,F,7
Burma,F,7
Burniece,F,7
Callista,F,7
Candis,F,7
Captola,F,7
Carmine,F,7
Carmon,F,7
Carolin,F,7
Carra,F,7
Catherene,F,7
Catherina,F,7
Charlean,F,7
Cheryl,F,7
Chestine,F,7
Clarise,F,7
Clela,F,7
Cleon,F,7
Cletis,F,7
Clevie,F,7
Cloda,F,7
Clovis,F,7
Clytie,F,7
Colene,F,7
Collie,F,7
Consuela,F,7
Cordell,F,7
Cordella,F,7
Cuma,F,7
Daphine,F,7
Deetta,F,7
Deloras,F,7
Dewey,F,7
Dillie,F,7
Dionicia,F,7
Docie,F,7
Dorthia,F,7
Dorys,F,7
Earlee,F,7
Early,F,7
Earnest,F,7
Earnie,F,7
Earsie,F,7
Ebbie,F,7
Edgar,F,7
Editha,F,7
Edmee,F,7
Edrena,F,7
Ellan,F,7
Ellanor,F,7
Ellanora,F,7
Elmo,F,7
Elsbeth,F,7
Eltha,F,7
Emmeline,F,7
Enolia,F,7
Eria,F,7
Ermel,F,7
Ertha,F,7
Etheleen,F,7
Ethelmae,F,7
Eugena,F,7
Evalyne,F,7
Everlene,F,7
Farris,F,7
Fidelia,F,7
Fidelis,F,7
Florella,F,7
Fonda,F,7
Fredricka,F,7
Garnetta,F,7
Gatha,F,7
Georgeanna,F,7
Gerald,F,7
Gilberta,F,7
Giovannina,F,7
Gladies,F,7
Glayds,F,7
Gordon,F,7
Gracia,F,7
Gunda,F,7
Gustie,F,7
Harrietta,F,7
Harvey,F,7
Hennie,F,7
Hetty,F,7
Hiawatha,F,7
Hila,F,7
Honor,F,7
Idalee,F,7
Indiana,F,7
Ineze,F,7
Inger,F,7
Inice,F,7
Isola,F,7
Isolene,F,7
Itha,F,7
Janine,F,7
Julienne,F,7
Kathy,F,7
Lanita,F,7
Lavania,F,7
Lavere,F,7
Lavergne,F,7
Lavora,F,7
Lealer,F,7
Leatrice,F,7
Ledora,F,7
Liberty,F,7
Lidie,F,7
Lilliam,F,7
Limmie,F,7
Lodie,F,7
Lorana,F,7
Lounette,F,7
Louretta,F,7
Lovetta,F,7
Lovey,F,7
Lowell,F,7
Lucielle,F,7
Lulie,F,7
Lurena,F,7
Luther,F,7
Luva,F,7
Luvada,F,7
Lygia,F,7
Mabeth,F,7
Madolin,F,7
Maeola,F,7
Magdeline,F,7
Magie,F,7
Marcelline,F,7
Margaree,F,7
Margarie,F,7
Margit,F,7
Margreat,F,7
Marieta,F,7
Marilouise,F,7
Marilynn,F,7
Marthe,F,7
Marva,F,7
Marycatherine,F,7
Maryfrances,F,7
Mazel,F,7
Mazzie,F,7
Melia,F,7
Melina,F,7
Melody,F,7
Merlene,F,7
Merline,F,7
Merriam,F,7
Mertis,F,7
Metha,F,7
Michaeline,F,7
Misao,F,7
Mitzie,F,7
Moneta,F,7
Monte,F,7
Murle,F,7
Myrel,F,7
Nadia,F,7
Nadie,F,7
Necia,F,7
Neely,F,7
Nelwyn,F,7
Nessie,F,7
Ninfa,F,7
Norvell,F,7
Nota,F,7
Onnolee,F,7
Opel,F,7
Ophia,F,7
Orba,F,7
Orvilla,F,7
Osceola,F,7
Otila,F,7
Otto,F,7
Ovida,F,7
Patrice,F,7
Pernie,F,7
Pia,F,7
Pina,F,7
Pinkey,F,7
Pinky,F,7
Prudie,F,7
Quincy,F,7
Rada,F,7
Reina,F,7
Reine,F,7
Rettie,F,7
Rilda,F,7
Robertine,F,7
Romilda,F,7
Rosana,F,7
Rosezella,F,7
Rosine,F,7
Roxana,F,7
Roxy,F,7
Rozell,F,7
Rudolph,F,7
Rufina,F,7
Ruthmary,F,7
Salley,F,7
Saloma,F,7
Sandy,F,7
Saxon,F,7
Sedonia,F,7
Senaida,F,7
Senora,F,7
Severa,F,7
Sevilla,F,7
Silva,F,7
Solange,F,7
Sondra,F,7
Sueko,F,7
Svea,F,7
Tecla,F,7
Teresina,F,7
Teressa,F,7
Texana,F,7
Texas,F,7
Thelda,F,7
Theodore,F,7
Tinie,F,7
Tollie,F,7
Tonie,F,7
Uva,F,7
Valena,F,7
Valora,F,7
Vara,F,7
Vaughn,F,7
Velmer,F,7
Velvia,F,7
Vergia,F,7
Verina,F,7
Verl,F,7
Verlee,F,7
Verlyn,F,7
Vestal,F,7
Viletta,F,7
Vincent,F,7
Virda,F,7
Virgin,F,7
Warren,F,7
Wealthy,F,7
Wesley,F,7
Wilba,F,7
Willodean,F,7
Wilmetta,F,7
Wladyslawa,F,7
Wylene,F,7
Wynelle,F,7
Wynema,F,7
Wynne,F,7
Yuriko,F,7
Zaida,F,7
Zillie,F,7
Zofia,F,7
Zollie,F,7
Adamae,F,6
Addis,F,6
Adlena,F,6
Albirta,F,6
Aldean,F,6
Aleitha,F,6
Alejandra,F,6
Alga,F,6
Algie,F,6
Allien,F,6
Almarie,F,6
Almer,F,6
Alvenia,F,6
Alvida,F,6
Alzada,F,6
Amalie,F,6
Angelene,F,6
Annas,F,6
Annastasia,F,6
Arah,F,6
Arax,F,6
Arda,F,6
Ardeth,F,6
Ardyce,F,6
Ardyth,F,6
Areta,F,6
Argentina,F,6
Argusta,F,6
Arlethia,F,6
Arlette,F,6
Arlone,F,6
Arrilla,F,6
Artha,F,6
Arva,F,6
Ary,F,6
Arzella,F,6
Asilee,F,6
Audna,F,6
August,F,6
Aurie,F,6
Avia,F,6
Avonell,F,6
Azalie,F,6
Azile,F,6
Beauty,F,6
Belen,F,6
Belvie,F,6
Beola,F,6
Bernadean,F,6
Bernette,F,6
Bertilla,F,6
Besse,F,6
Bessye,F,6
Beverley,F,6
Blair,F,6
Blondina,F,6
Bridie,F,6
Brigida,F,6
Bular,F,6
Burdette,F,6
Caddie,F,6
Carie,F,6
Carlean,F,6
Carleen,F,6
Carlita,F,6
Chaney,F,6
Charmian,F,6
Charmie,F,6
Chlora,F,6
Christal,F,6
Chrystine,F,6
Cinderella,F,6
Cladie,F,6
Clarie,F,6
Clarina,F,6
Clarita,F,6
Clayton,F,6
Clea,F,6
Clessie,F,6
Cletus,F,6
Cleva,F,6
Clotine,F,6
Cloye,F,6
Clydia,F,6
Conception,F,6
Cornie,F,6
Countess,F,6
Cozette,F,6
Cula,F,6
Curley,F,6
Curlie,F,6
Danella,F,6
Dara,F,6
Darleen,F,6
Deane,F,6
Dela,F,6
Deolinda,F,6
Derna,F,6
Devona,F,6
Dezzie,F,6
Dicy,F,6
Dolorita,F,6
Don,F,6
Doshia,F,6
Dove,F,6
Duane,F,6
Earie,F,6
Earma,F,6
Edie,F,6
Ednamay,F,6
Edner,F,6
Edwena,F,6
Edwyna,F,6
Eileene,F,6
Elayne,F,6
Eletha,F,6
Elfa,F,6
Elfriede,F,6
Elinora,F,6
Elissa,F,6
Eller,F,6
Ellison,F,6
Ellon,F,6
Elnita,F,6
Elosia,F,6
Elton,F,6
Elver,F,6
Elzina,F,6
Emelyn,F,6
Emmalee,F,6
Epifania,F,6
Ercell,F,6
Ercelle,F,6
Ermelinda,F,6
Estaline,F,6
Estle,F,6
Eufelia,F,6
Eulee,F,6
Evalin,F,6
Fermina,F,6
Ferris,F,6
Fidela,F,6
Florabel,F,6
Florean,F,6
Floride,F,6
Francena,F,6
Freada,F,6
Fritzie,F,6
Fujiko,F,6
Fusae,F,6
Galena,F,6
Garland,F,6
Garna,F,6
Genelle,F,6
Genia,F,6
Genora,F,6
Georgana,F,6
Geraline,F,6
Gertrudes,F,6
Gladie,F,6
Gladine,F,6
Glennys,F,6
Glida,F,6
Goldena,F,6
Goldy,F,6
Gordie,F,6
Gradie,F,6
Grazia,F,6
Gurtha,F,6
Gurtie,F,6
Gwendola,F,6
Haddie,F,6
Harris,F,6
Harumi,F,6
Hatsue,F,6
Helyne,F,6
Hildagarde,F,6
Honey,F,6
Honore,F,6
Honorine,F,6
Horace,F,6
Hurley,F,6
Hyla,F,6
Hylda,F,6
Icel,F,6
Idabel,F,6
Idamay,F,6
Ilar,F,6
Inas,F,6
Ioma,F,6
Irmgard,F,6
Ivadell,F,6
Ivan,F,6
Janelle,F,6
Jeanett,F,6
Jenette,F,6
Jennett,F,6
Jerrie,F,6
Jerusha,F,6
Jessye,F,6
Jesus,F,6
Jewelle,F,6
Joaquina,F,6
Jonie,F,6
Joye,F,6
Julietta,F,6
Julius,F,6
Jullia,F,6
Junnie,F,6
Katharina,F,6
Kathrin,F,6
Kazue,F,6
Klara,F,6
Lake,F,6
Lalie,F,6
Lanell,F,6
Lanore,F,6
Lara,F,6
Laree,F,6
Larry,F,6
Lauree,F,6
Laurina,F,6
Lavetta,F,6
Leaner,F,6
Lecie,F,6
Leetha,F,6
Lemmie,F,6
Lenice,F,6
Lennice,F,6
Lennis,F,6
Leoler,F,6
Leolia,F,6
Leotha,F,6
Leroy,F,6
Levonia,F,6
Librada,F,6
Liller,F,6
Lima,F,6
Lindy,F,6
Lorane,F,6
Lorrene,F,6
Loucille,F,6
Louraine,F,6
Loveda,F,6
Lovena,F,6
Lovice,F,6
Luana,F,6
Lucele,F,6
Luciana,F,6
Lucila,F,6
Lucine,F,6
Lucye,F,6
Luda,F,6
Ludell,F,6
Lulabelle,F,6
Lummie,F,6
Luretha,F,6
Luretta,F,6
Lurlean,F,6
Lurleen,F,6
Luvinia,F,6
Luzetta,F,6
Lydie,F,6
Lylian,F,6
Lynnette,F,6
Lyra,F,6
Macey,F,6
Maedell,F,6
Magaret,F,6
Maidie,F,6
Majel,F,6
Margaruite,F,6
Margene,F,6
Marguerette,F,6
Margy,F,6
Mariane,F,6
Mariel,F,6
Mariella,F,6
Marine,F,6
Martie,F,6
Martine,F,6
Marvie,F,6
Masaye,F,6
Masayo,F,6
Masie,F,6
Massie,F,6
Maudy,F,6
Max,F,6
Maxene,F,6
Maywood,F,6
Mazella,F,6
Meadow,F,6
Mela,F,6
Mell,F,6
Merial,F,6
Merril,F,6
Michaelina,F,6
Mignonne,F,6
Milla,F,6
Mimie,F,6
Mira,F,6
Modine,F,6
Montana,F,6
Morine,F,6
Murray,F,6
Nancye,F,6
Nathalia,F,6
Nesbit,F,6
Newell,F,6
Nicie,F,6
Novelle,F,6
Novis,F,6
Oakley,F,6
Ocia,F,6
Octa,F,6
Okie,F,6
Omer,F,6
Oneal,F,6
Onella,F,6
Oren,F,6
Osa,F,6
Othello,F,6
Ottis,F,6
Oval,F,6
Pairlee,F,6
Pansey,F,6
Para,F,6
Parilee,F,6
Pearlee,F,6
Pearley,F,6
Pencie,F,6
Perina,F,6
Perle,F,6
Pernella,F,6
Philamena,F,6
Pierina,F,6
Pollyanna,F,6
Posie,F,6
Princella,F,6
Quida,F,6
Quilla,F,6
Racheal,F,6
Rachelle,F,6
Ragnhild,F,6
Reah,F,6
Recie,F,6
Refugio,F,6
Renata,F,6
Renetta,F,6
Rhonda,F,6
Rillia,F,6
Rissie,F,6
Robertha,F,6
Robin,F,6
Rosalin,F,6
Rosann,F,6
Rosielee,F,6
Ross,F,6
Ruthanna,F,6
Saint,F,6
Sarafina,F,6
Savanah,F,6
Sennie,F,6
Shigeko,F,6
Signora,F,6
Snow,F,6
Starr,F,6
Stephen,F,6
Sumiko,F,6
Sybilla,F,6
Sylvesta,F,6
Talma,F,6
Tannie,F,6
Tavie,F,6
Theadora,F,6
Theona,F,6
Thurley,F,6
Tobey,F,6
Toini,F,6
Tomasina,F,6
Tomie,F,6
Tomiko,F,6
Tony,F,6
Tora,F,6
Tossie,F,6
Unice,F,6
Val,F,6
Valarie,F,6
Valeska,F,6
Valeta,F,6
Valia,F,6
Vance,F,6
Vanita,F,6
Vaudie,F,6
Vava,F,6
Velora,F,6
Veneda,F,6
Veona,F,6
Veora,F,6
Verlon,F,6
Vertis,F,6
Viena,F,6
Vilas,F,6
Vilda,F,6
Vinia,F,6
Vinie,F,6
Violia,F,6
Virdia,F,6
Vitina,F,6
Vollie,F,6
Wallace,F,6
Wavel,F,6
Wayne,F,6
Wille,F,6
Winafred,F,6
Woodrow,F,6
Wynette,F,6
Yetive,F,6
Yoshi,F,6
Zana,F,6
Zenda,F,6
Zenia,F,6
Zenith,F,6
Zennie,F,6
Zerelda,F,6
Zilda,F,6
Zoa,F,6
Zoie,F,6
Zylphia,F,6
Aaron,F,5
Abelina,F,5
Adelee,F,5
Adena,F,5
Agnita,F,5
Akiko,F,5
Albertia,F,5
Albie,F,5
Albirdia,F,5
Alder,F,5
Aleatha,F,5
Aleda,F,5
Alexine,F,5
Alfonsina,F,5
Alfreida,F,5
Alina,F,5
Alise,F,5
Allee,F,5
Alleene,F,5
Alletta,F,5
Almena,F,5
Aloha,F,5
Alphonsine,F,5
Alvilde,F,5
Amye,F,5
Annamary,F,5
Arbelia,F,5
Arbelle,F,5
Arcelia,F,5
Arden,F,5
Arilla,F,5
Aris,F,5
Arliene,F,5
Arloa,F,5
Arlyn,F,5
Armentha,F,5
Arnell,F,5
Arnette,F,5
Arnice,F,5
Arra,F,5
Artice,F,5
Arvetta,F,5
Arzelia,F,5
Asako,F,5
Asunta,F,5
Audelia,F,5
Aurelie,F,5
Australia,F,5
Autumn,F,5
Avelina,F,5
Avenell,F,5
Averil,F,5
Avice,F,5
Avinell,F,5
Avon,F,5
Aylene,F,5
Baby,F,5
Bama,F,5
Basilia,F,5
Beckie,F,5
Bedie,F,5
Belia,F,5
Belmira,F,5
Belzora,F,5
Benedicta,F,5
Benjamin,F,5
Berdella,F,5
Berma,F,5
Bernise,F,5
Berte,F,5
Bessy,F,5
Birt,F,5
Blondie,F,5
Bobbe,F,5
Bobbye,F,5
Calvin,F,5
Camela,F,5
Cameron,F,5
Camila,F,5
Candace,F,5
Cannie,F,5
Carina,F,5
Carlyle,F,5
Carman,F,5
Carnell,F,5
Cartha,F,5
Casmira,F,5
Cathryne,F,5
Cecillia,F,5
Chanie,F,5
Charlcie,F,5
Charlee,F,5
Charlesetta,F,5
Charlyne,F,5
Charmaine,F,5
Charmion,F,5
Charolette,F,5
Chessie,F,5
Chizuko,F,5
Chrissie,F,5
Christell,F,5
Christian,F,5
Clarkie,F,5
Claryce,F,5
Claudean,F,5
Claudene,F,5
Clida,F,5
Cloma,F,5
Cloteal,F,5
Clotee,F,5
Colista,F,5
Colletta,F,5
Colon,F,5
Conjetta,F,5
Coree,F,5
Coreen,F,5
Corenne,F,5
Coretha,F,5
Corona,F,5
Correne,F,5
Coy,F,5
Coye,F,5
Coyla,F,5
Cozetta,F,5
Cozy,F,5
Cressie,F,5
Daris,F,5
Dea,F,5
Deana,F,5
Debra,F,5
Delana,F,5
Delberta,F,5
Denzel,F,5
Deon,F,5
Derotha,F,5
Despina,F,5
Detta,F,5
Divina,F,5
Dolorez,F,5
Dolorous,F,5
Domicella,F,5
Donella,F,5
Dorothye,F,5
Dorsie,F,5
Doryce,F,5
Dotsie,F,5
Doyce,F,5
Doyne,F,5
Drexel,F,5
Druscilla,F,5
Dudley,F,5
Dula,F,5
Dulce,F,5
Earlyne,F,5
Eather,F,5
Eddith,F,5
Edmay,F,5
Edwin,F,5
Elanor,F,5
Elanore,F,5
Elese,F,5
Eliner,F,5
Elisha,F,5
Elizadeth,F,5
Elizebath,F,5
Ellenor,F,5
Ellenora,F,5
Ellnora,F,5
Elloise,F,5
Elsia,F,5
Elspeth,F,5
Elverna,F,5
Elverta,F,5
Elvine,F,5
Elyse,F,5
Emil,F,5
Emilda,F,5
Emile,F,5
Emmagene,F,5
Enedina,F,5
Enez,F,5
Enna,F,5
Eppie,F,5
Erah,F,5
Erda,F,5
Erene,F,5
Erika,F,5
Erminie,F,5
Ermon,F,5
Ervin,F,5
Estalene,F,5
Estelene,F,5
Estellar,F,5
Esterlene,F,5
Estoria,F,5
Estrella,F,5
Ethelda,F,5
Ethelwyn,F,5
Eular,F,5
Eunie,F,5
Eureka,F,5
Euretta,F,5
Eusebia,F,5
Euva,F,5
Evelyna,F,5
Everline,F,5
Evora,F,5
Evylen,F,5
Ezzie,F,5
Fallie,F,5
Fara,F,5
Fayette,F,5
Felicie,F,5
Felisa,F,5
Filippa,F,5
Finis,F,5
Flarence,F,5
Floella,F,5
Florian,F,5
Forestine,F,5
Foster,F,5
Fozie,F,5
Francene,F,5
Francess,F,5
Francie,F,5
Francina,F,5
Franklin,F,5
Fredrica,F,5
Fritzi,F,5
Gazella,F,5
Gean,F,5
Gem,F,5
Genever,F,5
Genive,F,5
Genoa,F,5
Georgeana,F,5
Gerturde,F,5
Gilbert,F,5
Gillie,F,5
Gilma,F,5
Golde,F,5
Gwendoline,F,5
Gwendolyne,F,5
Haidee,F,5
Hana,F,5
Haru,F,5
Hasty,F,5
Hatsuko,F,5
Helia,F,5
Helmie,F,5
Henri,F,5
Hermione,F,5
Hilary,F,5
Hiroko,F,5
Hisayo,F,5
Hosea,F,5
Hugh,F,5
Ianthe,F,5
Idabell,F,5
Idah,F,5
Idellar,F,5
Idena,F,5
Ileene,F,5
Inola,F,5
Iolene,F,5
Isobelle,F,5
Ivery,F,5
Iza,F,5
Izella,F,5
Jacque,F,5
Janell,F,5
Jeanelle,F,5
Jemima,F,5
Jenevieve,F,5
Jenie,F,5
Jerene,F,5
Jerlean,F,5
Jerline,F,5
Jessiemae,F,5
Jill,F,5
Joana,F,5
Joeanna,F,5
Joesphine,F,5
Johnette,F,5
Josehine,F,5
Julitta,F,5
Justa,F,5
Karleen,F,5
Kathalene,F,5
Kathelene,F,5
Kathlene,F,5
Kathlyne,F,5
Kathyleen,F,5
Kennie,F,5
Kermit,F,5
Kim,F,5
Labelle,F,5
Lalah,F,5
Lalla,F,5
Lamar,F,5
Laney,F,5
Larena,F,5
Laurabel,F,5
Laure,F,5
Laurence,F,5
Laurentina,F,5
Laurinda,F,5
Laverda,F,5
Laverta,F,5
Lazelle,F,5
Leafie,F,5
Leeanna,F,5
Leigh,F,5
Leokadja,F,5
Leontina,F,5
Lesley,F,5
Letizia,F,5
Libera,F,5
Liler,F,5
Lili,F,5
Lilith,F,5
Lillan,F,5
Linna,F,5
Llewellyn,F,5
Loda,F,5
Lolamae,F,5
Lomie,F,5
Loreane,F,5
Loreen,F,5
Lorell,F,5
Lorie,F,5
Loucinda,F,5
Louine,F,5
Lourene,F,5
Lousie,F,5
Louva,F,5
Luby,F,5
Luciell,F,5
Lucilla,F,5
Lucrezia,F,5
Ludia,F,5
Lulamae,F,5
Lunetta,F,5
Lupita,F,5
Lurine,F,5
Luverna,F,5
Lynell,F,5
Macaria,F,5
Madalen,F,5
Madeliene,F,5
Madgelene,F,5
Madlen,F,5
Madoline,F,5
Magdalina,F,5
Malzie,F,5
Manola,F,5
Mara,F,5
Marabelle,F,5
Marcell,F,5
Marciel,F,5
Marcille,F,5
Mardella,F,5
Marea,F,5
Mareta,F,5
Marga,F,5
Margaet,F,5
Margarethe,F,5
Margaurite,F,5
Margert,F,5
Marguarite,F,5
Margurette,F,5
Marielouise,F,5
Marinda,F,5
Marrietta,F,5
Marvene,F,5
Marybel,F,5
Marybell,F,5
Maryelizabeth,F,5
Marynell,F,5
Marzee,F,5
Matsue,F,5
Matty,F,5
Maxyne,F,5
Melita,F,5
Mella,F,5
Melvinia,F,5
Merced,F,5
Merita,F,5
Merlie,F,5
Mertha,F,5
Mescal,F,5
Mickelina,F,5
Mickie,F,5
Mida,F,5
Milbrey,F,5
Mineola,F,5
Minervia,F,5
Minne,F,5
Mintie,F,5
Miyoko,F,5
Modell,F,5
Modelle,F,5
Modest,F,5
Monette,F,5
Monie,F,5
Monita,F,5
Mose,F,5
Murdis,F,5
Murial,F,5
Murlene,F,5
Myna,F,5
Nadja,F,5
Nance,F,5
Nancey,F,5
Natalina,F,5
Neal,F,5
Nealy,F,5
Nema,F,5
Nerva,F,5
Netty,F,5
Nicolette,F,5
Nillie,F,5
Ninnie,F,5
Nodie,F,5
Noemie,F,5
Nollie,F,5
Norberta,F,5
Norena,F,5
Noretta,F,5
Notie,F,5
Novia,F,5
Nyra,F,5
Oca,F,5
Odena,F,5
Odesser,F,5
Oley,F,5
Olgie,F,5
Olia,F,5
Olyve,F,5
Omelia,F,5
Ophie,F,5
Orah,F,5
Orell,F,5
Oretta,F,5
Orlean,F,5
Orpah,F,5
Orville,F,5
Otillia,F,5
Panzy,F,5
Paulita,F,5
Pearleen,F,5
Pearlena,F,5
Pearlina,F,5
Pebble,F,5
Peg,F,5
Peola,F,5
Perna,F,5
Philomina,F,5
Pirl,F,5
Precilla,F,5
Precious,F,5
Pretto,F,5
Primrose,F,5
Rainey,F,5
Reecie,F,5
Reeva,F,5
Regenia,F,5
Regis,F,5
Remona,F,5
Renie,F,5
Rever,F,5
Rivera,F,5
Rolande,F,5
Ronalda,F,5
Rosaura,F,5
Roseanne,F,5
Roselia,F,5
Rosy,F,5
Rovena,F,5
Rubby,F,5
Rudene,F,5
Ruthann,F,5
Ruther,F,5
Sakae,F,5
Sallee,F,5
Sammy,F,5
Sarina,F,5
Sarita,F,5
Scholastica,F,5
Scott,F,5
Seferina,F,5
Senia,F,5
Seraphine,F,5
Serene,F,5
Severine,F,5
Shelby,F,5
Shelley,F,5
Shirlie,F,5
Shirly,F,5
Simmie,F,5
Stellar,F,5
Stephie,F,5
Steve,F,5
Susann,F,5
Sussie,F,5
Swannie,F,5
Sybel,F,5
Sydonia,F,5
Tabitha,F,5
Talitha,F,5
Tenie,F,5
Teretha,F,5
Tevis,F,5
Thalma,F,5
Thena,F,5
Theodocia,F,5
Thirza,F,5
Tiney,F,5
Tishie,F,5
Tosca,F,5
Toyoko,F,5
Trannie,F,5
Trilby,F,5
Truth,F,5
Tsuneko,F,5
Tulsa,F,5
Tura,F,5
Tyne,F,5
Tyra,F,5
Uba,F,5
Ursuline,F,5
Uzella,F,5
Vadis,F,5
Vadna,F,5
Valaria,F,5
Velmon,F,5
Ventura,F,5
Verbal,F,5
Verbie,F,5
Verdella,F,5
Verley,F,5
Verneice,F,5
Veronia,F,5
Vestie,F,5
Vickie,F,5
Vineta,F,5
Vinetta,F,5
Viona,F,5
Vione,F,5
Viora,F,5
Virene,F,5
Virga,F,5
Virgilene,F,5
Virl,F,5
Virtie,F,5
Vivan,F,5
Volena,F,5
Voneda,F,5
Vyola,F,5
Wadie,F,5
Walburga,F,5
Waldine,F,5
Walker,F,5
Waverly,F,5
Wilberta,F,5
Williamina,F,5
Willy,F,5
Wilva,F,5
Winston,F,5
Wintress,F,5
Wren,F,5
Wretha,F,5
Ynez,F,5
Yoneko,F,5
Yukie,F,5
Zdenka,F,5
Zeda,F,5
Zellie,F,5
Zelmer,F,5
Zelna,F,5
Zenna,F,5
Zenona,F,5
Zephyr,F,5
Zilphia,F,5
Zorka,F,5
Zudora,F,5
Zuella,F,5
John,M,37948
William,M,29756
James,M,26263
Robert,M,21188
Joseph,M,18828
George,M,17603
Charles,M,16938
Edward,M,12317
Frank,M,12001
Walter,M,8962
Thomas,M,8850
Henry,M,8110
Paul,M,7733
Harold,M,7563
Albert,M,6942
Raymond,M,6820
Richard,M,6669
Arthur,M,6641
Harry,M,6588
Louis,M,5495
Ralph,M,5010
Clarence,M,4909
Donald,M,4836
Carl,M,4807
Willie,M,4709
Howard,M,4490
Jack,M,4486
Fred,M,4441
David,M,4251
Kenneth,M,4177
Francis,M,3901
Roy,M,3852
Earl,M,3842
Joe,M,3712
Samuel,M,3704
Lawrence,M,3703
Anthony,M,3695
Ernest,M,3631
Stanley,M,3559
Michael,M,3363
Alfred,M,3346
Herbert,M,3253
Eugene,M,3211
Andrew,M,2965
Leonard,M,2923
Elmer,M,2878
Leo,M,2655
Peter,M,2624
Russell,M,2568
Bernard,M,2436
Herman,M,2430
Frederick,M,2415
Edwin,M,2386
Norman,M,2335
Daniel,M,2324
Chester,M,2289
Lester,M,2164
Floyd,M,2090
Melvin,M,2064
Leroy,M,2004
Vincent,M,1962
Clifford,M,1960
Clyde,M,1953
Theodore,M,1929
Charlie,M,1906
Lloyd,M,1884
Sam,M,1880
Philip,M,1870
Milton,M,1834
Benjamin,M,1823
Woodrow,M,1785
Lewis,M,1767
Martin,M,1676
Ray,M,1657
Marvin,M,1627
Victor,M,1559
Oscar,M,1553
Alvin,M,1532
Cecil,M,1530
Stephen,M,1486
Gerald,M,1468
Jesse,M,1456
Vernon,M,1455
Lee,M,1451
Leon,M,1414
Morris,M,1365
Edgar,M,1361
Gordon,M,1355
Sidney,M,1337
Everett,M,1336
Glenn,M,1326
Willard,M,1302
Claude,M,1284
Maurice,M,1256
Harvey,M,1250
Wilbur,M,1248
Arnold,M,1174
Alexander,M,1169
Max,M,1159
Irving,M,1156
Homer,M,1152
Nicholas,M,1151
Leslie,M,1076
Gilbert,M,1059
Allen,M,1049
Julius,M,1048
Virgil,M,1048
Warren,M,1034
Eddie,M,1009
Ben,M,1005
Wayne,M,1001
Steve,M,998
Jacob,M,997
Luther,M,991
Marion,M,982
Hugh,M,967
Jessie,M,949
Hubert,M,932
Johnnie,M,928
Curtis,M,915
Roland,M,882
Oliver,M,861
Glen,M,853
Nathan,M,848
Horace,M,840
Roger,M,816
Wallace,M,810
Manuel,M,794
Mike,M,794
Edmund,M,792
Alex,M,789
Wesley,M,789
Orville,M,787
Franklin,M,770
Willis,M,743
Jerome,M,737
Tom,M,736
Tony,M,733
Rudolph,M,732
Otis,M,709
Abraham,M,700
Dale,M,691
Emil,M,684
Jerry,M,649
Archie,M,648
Angelo,M,643
Earnest,M,638
Salvatore,M,634
Patrick,M,633
Clifton,M,616
Matthew,M,613
Ira,M,605
Wilson,M,605
Bennie,M,598
Otto,M,598
Guy,M,580
Clinton,M,566
Clayton,M,563
Bill,M,559
Jose,M,552
Karl,M,548
Wilbert,M,545
Ronald,M,541
Sylvester,M,538
Phillip,M,537
August,M,533
Marshall,M,533
Calvin,M,531
Bruce,M,530
Jimmie,M,530
Nelson,M,527
Felix,M,526
Don,M,521
Jim,M,513
Douglas,M,502
Forrest,M,501
Isaac,M,496
Lyle,M,495
Rufus,M,495
Ervin,M,494
Irvin,M,491
Adam,M,489
Aaron,M,485
Delbert,M,472
Nathaniel,M,470
Lonnie,M,468
Wilfred,M,463
Elbert,M,450
Julian,M,449
Percy,M,449
Bert,M,448
Dan,M,447
Ivan,M,439
Pete,M,432
Ellis,M,426
Nick,M,425
Dominick,M,424
Alton,M,419
Adolph,M,418
Grover,M,416
Merle,M,415
Leland,M,413
Grady,M,408
Emmett,M,406
Johnie,M,405
Kermit,M,401
Byron,M,395
Antonio,M,391
Lowell,M,390
Mark,M,386
Carroll,M,382
Dennis,M,382
Jay,M,379
Laurence,M,379
Elwood,M,373
Reuben,M,372
Amos,M,367
Myron,M,366
Dominic,M,362
Mack,M,361
Roscoe,M,361
Erwin,M,360
Ross,M,360
Charley,M,359
Owen,M,356
Gene,M,352
Wendell,M,350
Fredrick,M,344
Murray,M,340
Perry,M,338
Dean,M,337
Hyman,M,336
Rex,M,334
Johnny,M,332
Harley,M,322
Austin,M,320
Sherman,M,320
Preston,M,319
Will,M,319
Malcolm,M,317
Aubrey,M,313
Loyd,M,312
Ted,M,309
Allan,M,307
Troy,M,307
Jasper,M,306
Juan,M,299
Solomon,M,297
Tommie,M,296
Eldon,M,295
Keith,M,291
Mario,M,289
Norbert,M,288
Boyd,M,287
Anton,M,286
Ed,M,286
Dwight,M,284
Carlton,M,283
Cornelius,M,283
Millard,M,279
Jake,M,274
Simon,M,274
Loren,M,273
Mitchell,M,272
Edmond,M,269
Louie,M,268
Dave,M,267
Larry,M,267
Roosevelt,M,266
Harrison,M,262
Jess,M,258
Moses,M,258
Wilmer,M,255
Grant,M,253
Steven,M,253
Emanuel,M,252
Garland,M,252
Monroe,M,251
Sol,M,251
Alphonse,M,250
Wade,M,250
Elmo,M,247
Conrad,M,246
Seymour,M,245
Burton,M,244
Clark,M,242
Isadore,M,242
Barney,M,241
Thurman,M,241
Elton,M,236
Gerard,M,236
Morton,M,233
Clement,M,232
Cyril,M,232
Lynn,M,232
Neil,M,232
Ollie,M,232
Freddie,M,231
Forest,M,228
Pasquale,M,227
Abe,M,225
Andy,M,225
Gus,M,223
Bruno,M,219
Ellsworth,M,219
Booker,M,218
Bob,M,217
Russel,M,216
Cleo,M,215
Cleveland,M,214
Emery,M,211
Harlan,M,211
Carlos,M,210
Maynard,M,210
Eli,M,208
Armand,M,205
Dewey,M,205
Alonzo,M,204
Clair,M,204
Ferdinand,M,204
Christopher,M,200
Joel,M,200
Reginald,M,200
Ruben,M,199
Doyle,M,198
Rocco,M,198
Earle,M,194
Jesus,M,194
Levi,M,193
Ward,M,193
Elvin,M,192
Marcus,M,192
Orval,M,192
Randolph,M,192
Roman,M,191
Emory,M,189
Rodney,M,189
Stuart,M,188
Claud,M,187
Elijah,M,187
Irwin,M,187
Buster,M,186
Meyer,M,186
Alan,M,184
Dallas,M,183
Ramon,M,181
Tommy,M,181
Odell,M,180
Sydney,M,180
Alva,M,178
Ned,M,178
Neal,M,176
Adrian,M,174
Patsy,M,174
Timothy,M,174
Weldon,M,174
Carmen,M,173
Frederic,M,173
Silas,M,173
Lyman,M,171
Noah,M,171
Stewart,M,170
Hugo,M,169
Lionel,M,169
Wilford,M,169
Luke,M,168
Merrill,M,166
Buford,M,165
Jeff,M,165
Emerson,M,164
Laverne,M,162
Pedro,M,162
Saul,M,162
Truman,M,162
Basil,M,161
Delmar,M,159
Hollis,M,159
Winston,M,158
Isidore,M,156
Thaddeus,M,156
Herschel,M,155
Vern,M,155
Augustus,M,154
Alfonso,M,152
Sterling,M,151
Vito,M,151
Francisco,M,150
Norris,M,150
Travis,M,150
Jackson,M,149
Milo,M,149
Ambrose,M,147
Omer,M,146
Eric,M,145
Al,M,144
Benny,M,144
Aloysius,M,143
Dudley,M,143
Mathew,M,143
Wiley,M,143
Billy,M,142
Coy,M,141
Shirley,M,141
Carmine,M,138
Foster,M,138
Scott,M,138
Harris,M,137
Noel,M,136
Freeman,M,135
Vance,M,135
Van,M,134
Lorenzo,M,133
Sammie,M,133
Wilburn,M,133
Maxwell,M,132
Sanford,M,132
Bertram,M,131
Gabriel,M,131
Hiram,M,131
Milford,M,131
Darrell,M,130
Dick,M,129
Elliott,M,129
Pat,M,128
Mary,M,127
Merlin,M,127
Miles,M,127
Chris,M,126
Billie,M,125
Morgan,M,125
Odis,M,125
Royal,M,125
Spencer,M,124
Waldo,M,124
Micheal,M,123
Valentine,M,123
Christian,M,122
Emile,M,121
Gustave,M,121
Jules,M,119
Linwood,M,119
Mervin,M,119
Noble,M,119
Newton,M,118
Sigmund,M,118
Winfred,M,116
Benedict,M,115
Hal,M,115
Duane,M,114
Alden,M,113
Jean,M,113
Theron,M,113
Mose,M,112
Elias,M,111
Olen,M,111
Randall,M,111
Rolland,M,111
Ulysses,M,111
Anderson,M,110
Columbus,M,110
Rubin,M,110
Elwin,M,109
Major,M,109
Olin,M,109
Nolan,M,108
Clay,M,107
Ezra,M,107
Gregory,M,107
Casimir,M,106
Fletcher,M,106
Houston,M,106
Carlo,M,105
Jefferson,M,105
Lucius,M,105
Armando,M,104
Luis,M,104
Wilton,M,104
Jimmy,M,103
Lincoln,M,103
Matt,M,103
Coleman,M,102
Fay,M,101
Isiah,M,101
Orlando,M,101
Phil,M,101
Riley,M,101
Verne,M,101
Israel,M,100
Antone,M,99
Evan,M,99
Lamar,M,99
Ora,M,99
Bud,M,98
Everette,M,98
Hershel,M,98
Raleigh,M,98
Cletus,M,97
Marlin,M,97
Porter,M,97
Carson,M,96
Dock,M,96
Junior,M,96
Harmon,M,95
Raphael,M,95
Oren,M,94
Wilber,M,94
Dewitt,M,93
Burl,M,92
Carter,M,92
Edd,M,92
Kelly,M,92
Arlie,M,91
Avery,M,91
Nickolas,M,91
Rupert,M,91
Guadalupe,M,90
Hoyt,M,90
Lemuel,M,90
Sheldon,M,90
Gale,M,89
Lucien,M,89
Mason,M,89
Rene,M,89
Taylor,M,89
Gail,M,88
Granville,M,88
Guido,M,88
Cyrus,M,87
Denver,M,87
Joshua,M,87
Lavern,M,87
Walton,M,87
Lenard,M,86
Oswald,M,86
Vaughn,M,85
Clem,M,84
Shelby,M,84
Winfield,M,84
Abner,M,83
Jeremiah,M,83
Junius,M,83
Romeo,M,83
Emilio,M,82
Otho,M,82
Sebastian,M,82
Alfredo,M,81
Eldred,M,81
Elzie,M,81
Garfield,M,81
Gaylord,M,81
Jewel,M,81
Justin,M,81
Palmer,M,81
Theo,M,81
Casimer,M,80
Davis,M,80
Delmer,M,80
Elmore,M,80
Lucian,M,80
Otha,M,80
Teddy,M,80
Albin,M,79
Aldo,M,79
Augustine,M,79
Harland,M,79
Lacy,M,79
Domenic,M,78
Napoleon,M,78
Frances,M,77
Haywood,M,77
Jewell,M,77
Joesph,M,77
Jonathan,M,77
Judson,M,77
Merton,M,77
Royce,M,77
Arther,M,76
Enoch,M,76
Clare,M,75
Darwin,M,75
Elroy,M,75
Mortimer,M,75
Gustav,M,74
King,M,74
Alphonso,M,73
Asa,M,73
Garnett,M,73
Hans,M,73
Ike,M,73
Warner,M,73
Blaine,M,72
Casper,M,72
Elden,M,72
Ford,M,72
Leander,M,72
Salvador,M,72
Walker,M,72
Webster,M,72
Alvis,M,71
Durward,M,71
Hermon,M,71
Loyal,M,71
Americo,M,70
Miller,M,70
Alois,M,69
Carrol,M,69
Prince,M,69
Rosario,M,69
Carey,M,68
Graham,M,68
Hardy,M,68
Isaiah,M,68
Miguel,M,68
Orrin,M,68
Stanford,M,68
Alberto,M,67
Bernice,M,67
Buddy,M,67
Dorsey,M,67
Santo,M,67
Seth,M,67
Allie,M,66
Dalton,M,66
Dee,M,66
Eldridge,M,66
Hamilton,M,66
Reed,M,66
Sherwood,M,66
Logan,M,65
Oran,M,65
Roderick,M,65
Buck,M,64
Chas,M,64
Clovis,M,64
Dana,M,64
Gaetano,M,64
Hilton,M,64
Urban,M,64
Abram,M,63
Connie,M,63
Marcel,M,63
Evert,M,62
Ottis,M,62
Tomas,M,62
Florian,M,61
Galen,M,61
Garrett,M,61
Hazel,M,61
Lambert,M,61
Lucious,M,61
Newell,M,61
Rollin,M,61
Bennett,M,60
Beverly,M,60
Haskell,M,60
Hilbert,M,60
Jonas,M,60
Addison,M,59
Angus,M,59
Gary,M,59
Ignatius,M,59
Jason,M,59
Omar,M,59
Rudy,M,59
Vivian,M,59
Watson,M,59
Arden,M,58
Benton,M,58
Hector,M,58
Lois,M,58
Ludwig,M,58
Terry,M,58
Cleve,M,57
Leopold,M,57
Orin,M,57
Pearl,M,57
Rafael,M,57
Adelbert,M,56
Claudie,M,56
Felton,M,56
Giles,M,56
Howell,M,56
Lindsey,M,56
Madison,M,56
Melville,M,56
Obie,M,56
Chauncey,M,55
Dante,M,55
Early,M,55
Franklyn,M,55
Merritt,M,55
Olaf,M,55
Oral,M,55
Parker,M,55
Talmadge,M,55
Tim,M,55
Arvid,M,54
Boyce,M,54
Bryant,M,54
Carmelo,M,54
Carol,M,54
Clarance,M,54
Elwyn,M,54
Emmitt,M,54
Evans,M,54
Fernando,M,54
Helen,M,54
Mckinley,M,54
Sandy,M,54
Stanton,M,54
Verner,M,54
Bernie,M,53
Bertrand,M,53
Carlyle,M,53
Constantine,M,53
Duncan,M,53
Jordan,M,53
Lawson,M,53
Myles,M,53
Pablo,M,53
Rogers,M,53
Santiago,M,53
Wm,M,53
Bryan,M,52
Elliot,M,52
Emmet,M,52
Fritz,M,52
Ivy,M,52
Johnson,M,52
Meredith,M,52
Merl,M,52
Raymon,M,52
Sylvan,M,52
Abel,M,51
Alvie,M,51
Arvel,M,51
Carleton,M,51
Cedric,M,51
Murphy,M,51
Raul,M,51
Regis,M,51
Sammy,M,51
Shelton,M,51
Vester,M,51
Bradford,M,50
Crawford,M,50
Eino,M,50
Fredric,M,50
Reinhold,M,50
Rowland,M,50
Adolphus,M,49
Allison,M,49
Bonnie,M,49
Brady,M,49
Dayton,M,49
Edison,M,49
Lorin,M,49
Archibald,M,48
Aron,M,48
Brooks,M,48
Casey,M,48
Clint,M,48
Elvis,M,48
Enrique,M,48
Gregorio,M,48
Ivory,M,48
Price,M,48
Reynold,M,48
Werner,M,48
Alec,M,47
Artis,M,47
Collins,M,47
Lon,M,47
Mitchel,M,47
Rollie,M,47
Turner,M,47
Benjiman,M,46
Cloyd,M,46
Domenick,M,46
Green,M,46
Hayden,M,46
Jennings,M,46
Julio,M,46
Loy,M,46
Margaret,M,46
Rosevelt,M,46
Ruth,M,46
Alford,M,45
Arlo,M,45
Gerhard,M,45
Nels,M,45
Norton,M,45
Smith,M,45
Williams,M,45
Alvah,M,44
Arne,M,44
Bradley,M,44
Felipe,M,44
June,M,44
Tillman,M,44
Washington,M,44
Blair,M,43
Dexter,M,43
Enrico,M,43
Gardner,M,43
Hobert,M,43
Lafayette,M,43
Lawerence,M,43
Llewellyn,M,43
Mac,M,43
Moe,M,43
Nicolas,M,43
Roberto,M,43
Ruby,M,43
Thornton,M,43
Tracy,M,43
Vincenzo,M,43
Wyatt,M,43
Andres,M,42
Arvil,M,42
Ashley,M,42
Audrey,M,42
Bartholomew,M,42
Barton,M,42
Darrel,M,42
Elisha,M,42
Hezekiah,M,42
Hunter,M,42
Kyle,M,42
Lauren,M,42
Marcellus,M,42
Nat,M,42
Newman,M,42
Vernie,M,42
Attilio,M,41
Berry,M,41
Beryl,M,41
Caesar,M,41
Ellwood,M,41
Ennis,M,41
Estel,M,41
Foy,M,41
Furman,M,41
General,M,41
Jones,M,41
Lorenza,M,41
Murry,M,41
Nunzio,M,41
Orland,M,41
Orvil,M,41
Reese,M,41
Rueben,M,41
Silvio,M,41
Thad,M,41
Anna,M,40
Baxter,M,40
Denzil,M,40
Dorothy,M,40
Florence,M,40
Golden,M,40
Henderson,M,40
Masao,M,40
Milburn,M,40
Pierce,M,40
Ransom,M,40
Toivo,M,40
Toney,M,40
Weston,M,40
Wylie,M,40
Clemens,M,39
Enos,M,39
Ewald,M,39
Godfrey,M,39
Josh,M,39
Loran,M,39
Mariano,M,39
Myer,M,39
Ocie,M,39
Olan,M,39
Orie,M,39
Pierre,M,39
Rudolf,M,39
Thurston,M,39
Armin,M,38
Cleon,M,38
Craig,M,38
Ezekiel,M,38
Gilberto,M,38
Hampton,M,38
Huey,M,38
Kirby,M,38
Lindsay,M,38
Lonzo,M,38
Lou,M,38
Norval,M,38
Rose,M,38
Zack,M,38
Adolf,M,37
Angel,M,37
Burt,M,37
Dillard,M,37
Ernst,M,37
Ewell,M,37
Hayes,M,37
Mildred,M,37
Wayland,M,37
Arno,M,36
Bobby,M,36
Caleb,M,36
Einar,M,36
Elza,M,36
Ephraim,M,36
Ernesto,M,36
Ernie,M,36
Francesco,M,36
Gino,M,36
Glenwood,M,36
Hillard,M,36
Hobart,M,36
Hurley,M,36
Ishmael,M,36
Jodie,M,36
Laurel,M,36
Leamon,M,36
Mahlon,M,36
Maxie,M,36
Norwood,M,36
Oris,M,36
Reino,M,36
Selmer,M,36
Waldemar,M,36
Whitney,M,36
Ardell,M,35
Arturo,M,35
Barnett,M,35
Claire,M,35
Donovan,M,35
Earlie,M,35
Ezell,M,35
Geno,M,35
Hayward,M,35
Hilliard,M,35
Issac,M,35
Leeroy,M,35
Murl,M,35
Santos,M,35
Vergil,M,35
Verl,M,35
Alma,M,34
Armond,M,34
Bailey,M,34
Burley,M,34
Cliff,M,34
Glendon,M,34
Glynn,M,34
Ignacio,M,34
Judge,M,34
Manley,M,34
Marian,M,34
Merwin,M,34
Reid,M,34
Rexford,M,34
Rodger,M,34
Sampson,M,34
Theadore,M,34
Virgle,M,34
Artie,M,33
Barry,M,33
Burdette,M,33
Doris,M,33
Eduardo,M,33
Frankie,M,33
Garnet,M,33
Gerrit,M,33
Gladys,M,33
Henery,M,33
Huston,M,33
Josiah,M,33
Lillian,M,33
Melton,M,33
Milan,M,33
Nello,M,33
Richmond,M,33
Verlin,M,33
Waymon,M,33
Arch,M,32
Cary,M,32
Chalmer,M,32
Durwood,M,32
Gaston,M,32
Gilmore,M,32
Hosea,M,32
Lawton,M,32
Lovell,M,32
Odie,M,32
Saverio,M,32
Spurgeon,M,32
Stacy,M,32
Stanislaus,M,32
Stephan,M,32
Wellington,M,32
Yoshio,M,32
Auther,M,31
Bertil,M,31
Denton,M,31
Edson,M,31
Ester,M,31
Finis,M,31
Leonardo,M,31
Manford,M,31
Minor,M,31
Nevin,M,31
Orvis,M,31
Romie,M,31
Wilfrid,M,31
Winford,M,31
Worth,M,31
Zeb,M,31
Alice,M,30
Ansel,M,30
Arley,M,30
Arvin,M,30
Bart,M,30
Benito,M,30
Bishop,M,30
Bobbie,M,30
Burrell,M,30
Carmel,M,30
Cornell,M,30
Denis,M,30
Erling,M,30
Gennaro,M,30
Gust,M,30
Harlow,M,30
Hymen,M,30
Jerald,M,30
Kendall,M,30
Kirk,M,30
Landon,M,30
Linus,M,30
Marco,M,30
Ole,M,30
Oneal,M,30
Osborne,M,30
Prentice,M,30
Reno,M,30
Rodolfo,M,30
Rush,M,30
Sim,M,30
Talmage,M,30
Toshio,M,30
Tyrus,M,30
Vicente,M,30
Acie,M,29
Alfonse,M,29
Buddie,M,29
Chesley,M,29
Christ,M,29
Conley,M,29
Damon,M,29
Farris,M,29
Ferris,M,29
Finley,M,29
Kurt,M,29
Leighton,M,29
Luciano,M,29
Luigi,M,29
Marie,M,29
Mickey,M,29
Normand,M,29
Rayford,M,29
Zigmund,M,29
Arlin,M,28
Art,M,28
Beecher,M,28
Bethel,M,28
Curley,M,28
Danny,M,28
Donato,M,28
Elgin,M,28
Eugenio,M,28
Gayle,M,28
Joaquin,M,28
Jonnie,M,28
Lenord,M,28
Leopoldo,M,28
Malvin,M,28
Orris,M,28
Quentin,M,28
Quincy,M,28
Refugio,M,28
Reynolds,M,28
Roswell,M,28
Ruel,M,28
Sanders,M,28
Sumner,M,28
Willam,M,28
Williard,M,28
Woodroe,M,28
Wright,M,28
Alf,M,27
Bedford,M,27
Berlin,M,27
Brown,M,27
Cameron,M,27
Cullen,M,27
Domenico,M,27
Domingo,M,27
Elizabeth,M,27
Elsie,M,27
Fate,M,27
Fidel,M,27
Heber,M,27
Helmer,M,27
Hollie,M,27
Hughie,M,27
Louise,M,27
Lynwood,M,27
Marcos,M,27
Marshal,M,27
Oakley,M,27
Paris,M,27
Pascal,M,27
Rayburn,M,27
Takeo,M,27
Woodie,M,27
Alonza,M,26
Andre,M,26
Burnell,M,26
Calvert,M,26
Chalmers,M,26
Comer,M,26
Courtney,M,26
Delos,M,26
Donnie,M,26
Egbert,M,26
Essie,M,26
Ethel,M,26
Garold,M,26
Garvin,M,26
Gasper,M,26
Gerhardt,M,26
Guillermo,M,26
Irvine,M,26
Jethro,M,26
Lucas,M,26
Mayo,M,26
Murrell,M,26
Ricardo,M,26
Robin,M,26
Virgel,M,26
Wilhelm,M,26
Adolfo,M,25
Aleck,M,25
Algie,M,25
Audie,M,25
Axel,M,25
Burnett,M,25
Burnice,M,25
Camille,M,25
Christy,M,25
Cicero,M,25
Cruz,M,25
Dorris,M,25
Elder,M,25
Eligah,M,25
Emmanuel,M,25
Ethan,M,25
Gaines,M,25
Gorden,M,25
Harlen,M,25
Jamie,M,25
Johney,M,25
Kalman,M,25
Kay,M,25
Kent,M,25
Lance,M,25
Levy,M,25
Melbourne,M,25
Opal,M,25
Orvel,M,25
Prentiss,M,25
Shellie,M,25
Terrell,M,25
Vernal,M,25
Winthrop,M,25
Alwin,M,24
Arlington,M,24
Aurelio,M,24
Benjaman,M,24
Benson,M,24
Biagio,M,24
Brice,M,24
Buel,M,24
Dawson,M,24
Drexel,M,24
Emmit,M,24
Fulton,M,24
Genaro,M,24
Gilford,M,24
Graydon,M,24
Guss,M,24
Harrold,M,24
Hilary,M,24
Hudson,M,24
Isidor,M,24
Joy,M,24
Lorenz,M,24
Macon,M,24
Manning,M,24
Margarito,M,24
Mathias,M,24
Natale,M,24
Nestor,M,24
Ossie,M,24
Peyton,M,24
Raoul,M,24
Roby,M,24
Seldon,M,24
Wyman,M,24
Alejandro,M,23
Almon,M,23
Alpha,M,23
Annie,M,23
Arnie,M,23
Ashton,M,23
Bryce,M,23
Cole,M,23
Coley,M,23
Colin,M,23
Collie,M,23
Cosmo,M,23
Delma,M,23
Dorman,M,23
Elbridge,M,23
Ellie,M,23
Ewing,M,23
Fabian,M,23
Fenton,M,23
Fernand,M,23
Ferrell,M,23
Harlin,M,23
Harvie,M,23
Iver,M,23
Jule,M,23
Juluis,M,23
Laddie,M,23
Layton,M,23
Metro,M,23
Myrle,M,23
Okey,M,23
Pink,M,23
Reece,M,23
Sid,M,23
Thelma,M,23
Therman,M,23
Vinson,M,23
Wash,M,23
Welton,M,23
Adelard,M,22
Adrien,M,22
Agustin,M,22
Ancel,M,22
Antony,M,22
Arvo,M,22
Bernhard,M,22
Bertie,M,22
Boleslaw,M,22
Butler,M,22
Chandler,M,22
Clemence,M,22
Cline,M,22
Cornelious,M,22
Corwin,M,22
Daryl,M,22
Dell,M,22
Elie,M,22
Ellison,M,22
Eloy,M,22
Erich,M,22
Franz,M,22
Garner,M,22
Garth,M,22
Geo,M,22
Gideon,M,22
Griffin,M,22
Holland,M,22
Justus,M,22
Lem,M,22
Leno,M,22
Lesley,M,22
Lupe,M,22
Orlin,M,22
Orlo,M,22
Park,M,22
Perley,M,22
Sheridan,M,22
Tomie,M,22
Verle,M,22
Albino,M,21
Alcide,M,21
Amedeo,M,21
Belton,M,21
Colonel,M,21
Curtiss,M,21
Dennie,M,21
Deward,M,21
Erick,M,21
Eunice,M,21
Fleming,M,21
Florencio,M,21
Giacomo,M,21
Halbert,M,21
Hallie,M,21
Harrell,M,21
Hartley,M,21
Hideo,M,21
Hosie,M,21
Ignazio,M,21
Ivey,M,21
Jan,M,21
Larkin,M,21
Lewie,M,21
Lige,M,21
Linton,M,21
Lorne,M,21
Lucille,M,21
Lyndon,M,21
Malcom,M,21
Mearl,M,21
Michel,M,21
Nathanial,M,21
Neville,M,21
Orvin,M,21
Reynaldo,M,21
Rinaldo,M,21
Simeon,M,21
Taft,M,21
Toy,M,21
Wayman,M,21
Zygmunt,M,21
Alfonzo,M,20
Alpheus,M,20
Anson,M,20
Augusta,M,20
Blake,M,20
Braxton,M,20
Cal,M,20
Campbell,M,20
Catherine,M,20
Clell,M,20
Cordell,M,20
Darold,M,20
Douglass,M,20
Elihu,M,20
Eliot,M,20
Elva,M,20
Ferman,M,20
Gifford,M,20
Harper,M,20
Hewitt,M,20
Hilmer,M,20
Hiroshi,M,20
Horatio,M,20
Irven,M,20
Jacques,M,20
Joeseph,M,20
Johny,M,20
Julious,M,20
Junious,M,20
Len,M,20
Lew,M,20
Lino,M,20
Lonie,M,20
Loring,M,20
Melford,M,20
Merlyn,M,20
Newt,M,20
Norvin,M,20
Rosco,M,20
Sigurd,M,20
Stafford,M,20
Tilman,M,20
Weaver,M,20
Wells,M,20
Winton,M,20
Yale,M,20
Alfons,M,19
Allyn,M,19
Amon,M,19
Arnett,M,19
Atwood,M,19
Author,M,19
Benjamine,M,19
Boris,M,19
Buren,M,19
Clide,M,19
Clive,M,19
Constant,M,19
Courtland,M,19
Delmas,M,19
Dino,M,19
Donal,M,19
Drew,M,19
Eddy,M,19
Ely,M,19
Evelyn,M,19
Federico,M,19
Frazier,M,19
Fremont,M,19
Glover,M,19
Gorman,M,19
Gussie,M,19
Helmuth,M,19
Hermann,M,19
Herold,M,19
Ignatz,M,19
Jackie,M,19
Jarvis,M,19
Jonah,M,19
Lemon,M,19
Luster,M,19
Magnus,M,19
Marcelino,M,19
Matthias,M,19
Merril,M,19
Monte,M,19
Orlan,M,19
Ozell,M,19
Ozzie,M,19
Placido,M,19
Powell,M,19
Robbie,M,19
Stonewall,M,19
Tadashi,M,19
Terence,M,19
Terrence,M,19
Virginia,M,19
West,M,19
Wilferd,M,19
Amadeo,M,18
Anastacio,M,18
Ashby,M,18
Avon,M,18
Berkley,M,18
Broadus,M,18
Budd,M,18
Buell,M,18
Champ,M,18
Cleophus,M,18
Colie,M,18
Dempsey,M,18
Dixon,M,18
Eldo,M,18
Elio,M,18
Ellery,M,18
Erle,M,18
Farrell,M,18
Fermin,M,18
French,M,18
Henri,M,18
Hoke,M,18
Holly,M,18
Isom,M,18
Joyce,M,18
Julien,M,18
Lane,M,18
Larue,M,18
Laurance,M,18
Laurie,M,18
Lessie,M,18
Lorraine,M,18
Luverne,M,18
Manny,M,18
Masaru,M,18
Moody,M,18
Nicola,M,18
Quinton,M,18
Rosendo,M,18
Samson,M,18
Seward,M,18
Soloman,M,18
Sonny,M,18
Unknown,M,18
Val,M,18
Vernard,M,18
Vinton,M,18
Volney,M,18
Wardell,M,18
Willian,M,18
Young,M,18
Yutaka,M,18
Aime,M,17
Almond,M,17
Amerigo,M,17
Ancil,M,17
Anselmo,M,17
Antoine,M,17
Ballard,M,17
Bascom,M,17
Bronislaus,M,17
Burr,M,17
Carnell,M,17
Charls,M,17
Colon,M,17
Curt,M,17
Deforest,M,17
Duke,M,17
Elmon,M,17
Erskine,M,17
Eva,M,17
Evertt,M,17
Georgie,M,17
Giovanni,M,17
Goldie,M,17
Gurney,M,17
Hamp,M,17
Haskel,M,17
Herschell,M,17
Irby,M,17
Isidro,M,17
Isreal,M,17
Jerold,M,17
Jhon,M,17
Jon,M,17
Josephine,M,17
Kazuo,M,17
Kelley,M,17
Kendrick,M,17
Kiyoshi,M,17
Lawrance,M,17
Love,M,17
Myrl,M,17
Orman,M,17
Orrie,M,17
Othel,M,17
Ramond,M,17
Rayfield,M,17
Torao,M,17
Von,M,17
Webb,M,17
Winslow,M,17
Woodford,M,17
Woody,M,17
Adell,M,16
Albertus,M,16
Alger,M,16
Aloys,M,16
Alto,M,16
Amelio,M,16
Armon,M,16
Aubry,M,16
Bayard,M,16
Berton,M,16
Boston,M,16
Burke,M,16
Byrd,M,16
Carlie,M,16
Clarke,M,16
Clemon,M,16
Cloyce,M,16
Conard,M,16
Corbett,M,16
Davie,M,16
Delmont,M,16
Denny,M,16
Desmond,M,16
Ermon,M,16
Esteban,M,16
Estill,M,16
Florentino,M,16
Guilford,M,16
Gustaf,M,16
Hall,M,16
Harlie,M,16
Harvy,M,16
Hervey,M,16
Hoy,M,16
Hulon,M,16
Jeffery,M,16
Larence,M,16
Lars,M,16
Lenwood,M,16
Leonel,M,16
Marty,M,16
Mauro,M,16
Murrel,M,16
Namon,M,16
Nils,M,16
Orion,M,16
Osborn,M,16
Oval,M,16
Pleas,M,16
Roe,M,16
Rossie,M,16
Sal,M,16
Salvadore,M,16
Shannon,M,16
Stanislaw,M,16
Sulo,M,16
Thurmon,M,16
Titus,M,16
Vernell,M,16
Waverly,M,16
Westley,M,16
Woodson,M,16
Wray,M,16
Addie,M,15
Alvia,M,15
Arie,M,15
Audry,M,15
Barnard,M,15
Blease,M,15
Boleslaus,M,15
Bronislaw,M,15
Clara,M,15
Clois,M,15
Conway,M,15
Cortland,M,15
Cosimo,M,15
Danial,M,15
Dario,M,15
Delton,M,15
Demetrio,M,15
Denzel,M,15
Dillon,M,15
Doc,M,15
Doctor,M,15
Dwayne,M,15
Edna,M,15
Elgie,M,15
Elsworth,M,15
Faustino,M,15
Gay,M,15
Gilman,M,15
Giuseppe,M,15
Gleason,M,15
Gottlieb,M,15
Gradie,M,15
Grayson,M,15
Hadley,M,15
Hansel,M,15
Harl,M,15
Holmes,M,15
Hurshel,M,15
Ismael,M,15
Italo,M,15
Ivo,M,15
Lamont,M,15
Leandro,M,15
Leigh,M,15
Leman,M,15
Levie,M,15
Levin,M,15
Linden,M,15
Lisle,M,15
Liston,M,15
Loyce,M,15
Masato,M,15
Meade,M,15
Niles,M,15
Nolen,M,15
Norvel,M,15
Ola,M,15
Orson,M,15
Ovie,M,15
Pearlie,M,15
Porfirio,M,15
Primo,M,15
Renato,M,15
Robinson,M,15
Ruffus,M,15
Shelly,M,15
Silvester,M,15
Simpson,M,15
Theodor,M,15
Theophilus,M,15
Tyler,M,15
Tyree,M,15
Vince,M,15
Wallis,M,15
Wilburt,M,15
Winifred,M,15
Wood,M,15
Ysidro,M,15
Zollie,M,15
Adolphe,M,14
Agnes,M,14
Albion,M,14
Alexis,M,14
Alvan,M,14
Apolonio,M,14
Arlen,M,14
Aubra,M,14
Bartley,M,14
Beatrice,M,14
Burney,M,14
Burtis,M,14
Carmello,M,14
Carmon,M,14
Clearence,M,14
Cleatus,M,14
Cletis,M,14
Corbin,M,14
Dolph,M,14
Donn,M,14
Dorrance,M,14
Elston,M,14
Erven,M,14
Esau,M,14
Esther,M,14
Estle,M,14
Eston,M,14
Eulis,M,14
Felice,M,14
Ferd,M,14
Fern,M,14
Gabe,M,14
Gaither,M,14
Garry,M,14
Georgia,M,14
Hartwell,M,14
Hebert,M,14
Herald,M,14
Hershal,M,14
Herve,M,14
Hilario,M,14
Hoyle,M,14
Hubbard,M,14
Ida,M,14
Irene,M,14
Kennard,M,14
Leif,M,14
Lelon,M,14
Lilburn,M,14
Lonzie,M,14
Manson,M,14
Marino,M,14
Martha,M,14
Mattie,M,14
May,M,14
Mccoy,M,14
Mervyn,M,14
Michele,M,14
Milfred,M,14
Mont,M,14
Morse,M,14
Oather,M,14
Obert,M,14
Ogden,M,14
Ollis,M,14
Ovid,M,14
Owens,M,14
Pasco,M,14
Rae,M,14
Randal,M,14
Reinhardt,M,14
Rolf,M,14
Rulon,M,14
Samual,M,14
Selma,M,14
Sinclair,M,14
Steward,M,14
Thadeus,M,14
Thedore,M,14
Thompson,M,14
Toby,M,14
Ulyses,M,14
Vaughan,M,14
Wendel,M,14
Zeno,M,14
Abbott,M,13
Ace,M,13
Adron,M,13
Afton,M,13
Alban,M,13
Algernon,M,13
Almer,M,13
Alphonsus,M,13
Alvy,M,13
Andrea,M,13
Archer,M,13
Atlas,M,13
Auburn,M,13
Barrett,M,13
Basilio,M,13
Beauford,M,13
Berl,M,13
Beverley,M,13
Bliss,M,13
Brendan,M,13
Britt,M,13
Burgess,M,13
Burns,M,13
Callie,M,13
Carman,M,13
Catarino,M,13
Charle,M,13
Cleophas,M,13
Cody,M,13
Collis,M,13
Dewayne,M,13
Doy,M,13
Edith,M,13
Edmon,M,13
Edwardo,M,13
Einer,M,13
Elam,M,13
Erastus,M,13
Erland,M,13
Esmond,M,13
Ettore,M,13
Euel,M,13
Freddy,M,13
Grace,M,13
Grafton,M,13
Gunnar,M,13
Hammond,M,13
Hershell,M,13
Heyward,M,13
Hiawatha,M,13
Humphrey,M,13
Jame,M,13
Josef,M,13
Julia,M,13
Lazarus,M,13
Lennie,M,13
Lillard,M,13
Maceo,M,13
Malachi,M,13
Mansfield,M,13
Masami,M,13
Melvyn,M,13
Mendel,M,13
Minoru,M,13
Nile,M,13
Octave,M,13
Oden,M,13
Odus,M,13
Olie,M,13
Onnie,M,13
Opie,M,13
Othello,M,13
Remo,M,13
Robt,M,13
Rodman,M,13
Rollo,M,13
Ronnie,M,13
Rubert,M,13
Sarah,M,13
Sebastiano,M,13
Sigmond,M,13
Simmie,M,13
Sven,M,13
Sylvanus,M,13
Sylvia,M,13
Sylvio,M,13
Tauno,M,13
Thos,M,13
Tolbert,M,13
Valentino,M,13
Vander,M,13
Vilas,M,13
Vladimir,M,13
Wendall,M,13
Wheeler,M,13
Zeke,M,13
Alberta,M,12
Alston,M,12
Alvar,M,12
Amado,M,12
Arbie,M,12
Arland,M,12
Arville,M,12
Arvis,M,12
Asher,M,12
Astor,M,12
Authur,M,12
Bernardo,M,12
Bernhardt,M,12
Bessie,M,12
Bilbo,M,12
Burel,M,12
Carlis,M,12
Casmer,M,12
Casmir,M,12
Clarnce,M,12
Claudius,M,12
Clements,M,12
Dannie,M,12
Darius,M,12
Darl,M,12
Deane,M,12
Doran,M,12
Dow,M,12
Durant,M,12
Dwain,M,12
Elba,M,12
Eleanor,M,12
Erskin,M,12
Euell,M,12
Gaylon,M,12
Gentry,M,12
Geoffrey,M,12
Gil,M,12
Gildo,M,12
Gilmer,M,12
Gonzalo,M,12
Gray,M,12
Haden,M,12
Halsey,M,12
Haven,M,12
Hobson,M,12
Hooper,M,12
Jeffrey,M,12
Kenton,M,12
Kevin,M,12
Lazaro,M,12
Le,M,12
Leonidas,M,12
Levern,M,12
Lillie,M,12
Livingston,M,12
Lucio,M,12
Lumir,M,12
Mabel,M,12
Mallie,M,12
Mannie,M,12
Marc,M,12
Marquis,M,12
Mart,M,12
Matteo,M,12
Maximilian,M,12
Mercer,M,12
Miner,M,12
Moises,M,12
Niels,M,12
Nolton,M,12
Nora,M,12
Norvell,M,12
Orange,M,12
Orbin,M,12
Osie,M,12
Overton,M,12
Ovila,M,12
Parley,M,12
Phillips,M,12
Pietro,M,12
Posey,M,12
Redmond,M,12
Romaine,M,12
Ruffin,M,12
Rutherford,M,12
Sabino,M,12
Sherrill,M,12
Sherwin,M,12
Shigeo,M,12
Solon,M,12
Stanly,M,12
Sullivan,M,12
Talbert,M,12
Temple,M,12
Tilden,M,12
Tito,M,12
Trinidad,M,12
Umberto,M,12
Upton,M,12
Uriel,M,12
Valentin,M,12
Vernice,M,12
Veryl,M,12
Waino,M,12
Walden,M,12
Wally,M,12
Willy,M,12
Adrain,M,11
Ammon,M,11
Armour,M,11
Arthor,M,11
Asbury,M,11
Augustin,M,11
Baker,M,11
Barnie,M,11
Benard,M,11
Benedetto,M,11
Berthold,M,11
Brainard,M,11
Brandon,M,11
Brian,M,11
Britton,M,11
Brownie,M,11
Carmino,M,11
Carrel,M,11
Celestino,M,11
Cephus,M,11
Chad,M,11
Colman,M,11
Conrado,M,11
Constantino,M,11
Curry,M,11
Dane,M,11
Delfino,M,11
Dionicio,M,11
Donnell,M,11
Dorwin,M,11
Ebb,M,11
Elex,M,11
Eliga,M,11
Elige,M,11
Elven,M,11
Elvie,M,11
Emma,M,11
Erie,M,11
Erman,M,11
Esco,M,11
Euclid,M,11
Eulas,M,11
Fortunato,M,11
Gearld,M,11
Gerardo,M,11
Gertrude,M,11
Glennon,M,11
Gomer,M,11
Gustavo,M,11
Guthrie,M,11
Hanley,M,11
Hansford,M,11
Harm,M,11
Harman,M,11
Harrel,M,11
Hays,M,11
Hazen,M,11
Hughes,M,11
Hurbert,M,11
Hyrum,M,11
Iris,M,11
Isac,M,11
Isham,M,11
Jens,M,11
Kellie,M,11
Ken,M,11
Kennie,M,11
Kennith,M,11
Kingsley,M,11
Ladislav,M,11
Laird,M,11
Laroy,M,11
Laurier,M,11
Lehman,M,11
Lemar,M,11
Lemmie,M,11
Letcher,M,11
Lex,M,11
Liborio,M,11
Loris,M,11
Lovie,M,11
Mace,M,11
Marshell,M,11
Merrell,M,11
Merwyn,M,11
Mieczyslaw,M,11
Mills,M,11
Modesto,M,11
Morley,M,11
Nash,M,11
Neill,M,11
Obed,M,11
Oda,M,11
Orlie,M,11
Parks,M,11
Percival,M,11
Pervis,M,11
Plummer,M,11
Presley,M,11
Raffaele,M,11
Ras,M,11
Red,M,11
Reinhard,M,11
Reubin,M,11
Rich,M,11
Rob,M,11
Roma,M,11
Rosie,M,11
Royden,M,11
Ryland,M,11
Schuyler,M,11
Starling,M,11
Sun,M,11
Teodoro,M,11
Thor,M,11
Tobias,M,11
Uno,M,11
Vallie,M,11
Vestal,M,11
Waldon,M,11
White,M,11
Wilmot,M,11
Windell,M,11
York,M,11
Zachary,M,11
Abbie,M,10
Achille,M,10
Adams,M,10
Aden,M,10
Alson,M,10
Amiel,M,10
Anne,M,10
Antonino,M,10
Arleigh,M,10
Arles,M,10
Arlis,M,10
Atlee,M,10
Audley,M,10
Auston,M,10
Baldwin,M,10
Bartolomeo,M,10
Belvin,M,10
Bernis,M,10
Betty,M,10
Beuford,M,10
Boniface,M,10
Brewster,M,10
Carlisle,M,10
Carrie,M,10
Casimiro,M,10
Cassie,M,10
Ceasar,M,10
Celestine,M,10
Christie,M,10
Ciro,M,10
Claiborne,M,10
Claudis,M,10
Clemente,M,10
Collier,M,10
Collin,M,10
Cooper,M,10
Corliss,M,10
Creighton,M,10
Devon,M,10
Dolphus,M,10
Dorr,M,10
Dossie,M,10
Egidio,M,10
Eliseo,M,10
Ella,M,10
Elma,M,10
Elmus,M,10
Embry,M,10
Emmons,M,10
Ephriam,M,10
Erhardt,M,10
Esequiel,M,10
Estell,M,10
Estes,M,10
Eula,M,10
Eustace,M,10
Fayette,M,10
Feliciano,M,10
Fiore,M,10
Flournoy,M,10
Gavin,M,10
Gean,M,10
Gerhart,M,10
German,M,10
Gibson,M,10
Girard,M,10
Glade,M,10
Gordan,M,10
Gregor,M,10
Guiseppe,M,10
Haig,M,10
Hale,M,10
Harvard,M,10
Harwood,M,10
Hilding,M,10
Hildred,M,10
Hill,M,10
Hinton,M,10
Ian,M,10
Isaih,M,10
Isami,M,10
Isamu,M,10
Iva,M,10
Ival,M,10
Ivar,M,10
Ivon,M,10
Jarrett,M,10
Jordon,M,10
Josephus,M,10
Juel,M,10
Julie,M,10
Justo,M,10
Kelsey,M,10
Kemp,M,10
Keneth,M,10
Kie,M,10
Lacey,M,10
Laura,M,10
Laurent,M,10
Lavelle,M,10
Legrand,M,10
Lennart,M,10
Lenox,M,10
Leverne,M,10
Lindell,M,10
Linn,M,10
Lister,M,10
Little,M,10
Loomis,M,10
Malvern,M,10
Marcell,M,10
Marjorie,M,10
Marvel,M,10
Mcdonald,M,10
Mel,M,10
Michal,M,10
Minnie,M,10
Morrison,M,10
Murel,M,10
Nino,M,10
Odes,M,10
Odin,M,10
Oland,M,10
Olney,M,10
Oneil,M,10
Onie,M,10
Orbie,M,10
Orel,M,10
Ormond,M,10
Ottie,M,10
Ozie,M,10
Page,M,10
Pascual,M,10
Pinkney,M,10
Plato,M,10
Prescott,M,10
Quintin,M,10
Raiford,M,10
Ramiro,M,10
Randle,M,10
Reggie,M,10
Renaldo,M,10
Reuel,M,10
Rolla,M,10
Rollen,M,10
Samie,M,10
Selden,M,10
Shade,M,10
Shelley,M,10
Son,M,10
Teddie,M,10
Thelbert,M,10
Thermon,M,10
Tobe,M,10
Todd,M,10
Tollie,M,10
Tsutomu,M,10
Tucker,M,10
Ural,M,10
Vasco,M,10
Victoriano,M,10
Virgie,M,10
Waymond,M,10
Whitman,M,10
Wilbern,M,10
Wilborn,M,10
Wilho,M,10
Willia,M,10
Worley,M,10
Zebedee,M,10
Addis,M,9
Aldon,M,9
Almus,M,9
Alphonzo,M,9
Amador,M,9
Amil,M,9
Ann,M,9
Ara,M,9
Aram,M,9
Ariel,M,9
Arlan,M,9
Arlon,M,9
Armen,M,9
Barnet,M,9
Bee,M,9
Belmont,M,9
Berger,M,9
Bernell,M,9
Bernerd,M,9
Bertha,M,9
Blanton,M,9
Blas,M,9
Bluford,M,9
Bose,M,9
Bufford,M,9
Burlin,M,9
Burnie,M,9
Calip,M,9
Candido,M,9
Carley,M,9
Carlin,M,9
Caryl,M,9
Cassius,M,9
Cecilio,M,9
Celester,M,9
Champion,M,9
Clayborn,M,9
Cleave,M,9
Cliford,M,9
Colbert,M,9
Cortez,M,9
Crosby,M,9
Dallis,M,9
Del,M,9
Delvin,M,9
Devere,M,9
Diego,M,9
Dixie,M,9
Duard,M,9
Eben,M,9
Ebert,M,9
Edie,M,9
Eldor,M,9
Emitt,M,9
Ermal,M,9
Erminio,M,9
Esker,M,9
Eusebio,M,9
Evander,M,9
Ferdie,M,9
Fisher,M,9
Fredie,M,9
Friedrich,M,9
Garret,M,9
Genevieve,M,9
Geronimo,M,9
Gorge,M,9
Gottfried,M,9
Hanford,M,9
Hardin,M,9
Harlon,M,9
Hercules,M,9
Hester,M,9
Hezzie,M,9
Hillary,M,9
Hillery,M,9
Holbert,M,9
Horton,M,9
Hulen,M,9
Humbert,M,9
Hy,M,9
Inez,M,9
Ingvald,M,9
Isabel,M,9
Iven,M,9
Jacque,M,9
Jb,M,9
Jeffie,M,9
Jere,M,9
Jerrold,M,9
Jessee,M,9
Johnston,M,9
Jozef,M,9
Juventino,M,9
Karol,M,9
Keller,M,9
Kenji,M,9
Lake,M,9
Lawyer,M,9
Ledford,M,9
Leeman,M,9
Lena,M,9
Lennis,M,9
Lenon,M,9
Lindley,M,9
Lofton,M,9
Lorence,M,9
Loys,M,9
Mance,M,9
Mancel,M,9
Manfred,M,9
Manly,M,9
Manual,M,9
Marcella,M,9
Marrion,M,9
Masayoshi,M,9
Massie,M,9
Mat,M,9
Mathews,M,9
Matthews,M,9
Medford,M,9
Menno,M,9
Merced,M,9
Milas,M,9
Millie,M,9
Montie,M,9
Murdock,M,9
Nobuo,M,9
Octavio,M,9
Olive,M,9
Olof,M,9
Onis,M,9
Onofrio,M,9
Orren,M,9
Orvill,M,9
Osker,M,9
Oswell,M,9
Ova,M,9
Paige,M,9
Paschal,M,9
Patricio,M,9
Payton,M,9
Pearson,M,9
Phares,M,9
Pius,M,9
Pleasant,M,9
Quay,M,9
Ranald,M,9
Reo,M,9
Rito,M,9
Roberts,M,9
Roxie,M,9
Rube,M,9
Ryan,M,9
Sabas,M,9
Salvator,M,9
Secondo,M,9
Shozo,M,9
Simuel,M,9
Sloan,M,9
Sollie,M,9
Square,M,9
Stan,M,9
Tadao,M,9
Thelmer,M,9
Thurlow,M,9
Tully,M,9
Ubaldo,M,9
Ulric,M,9
Vearl,M,9
Velmer,M,9
Venson,M,9
Vera,M,9
Verna,M,9
Vertis,M,9
Vinal,M,9
Virl,M,9
Vyron,M,9
Wes,M,9
Whit,M,9
Whitfield,M,9
Wilder,M,9
Woodruff,M,9
Ygnacio,M,9
Zenon,M,9
Zigmond,M,9
Abie,M,8
Ah,M,8
Akira,M,8
Aloysious,M,8
Aniello,M,8
Antonia,M,8
Arlyn,M,8
Arron,M,8
Asberry,M,8
Atha,M,8
Athel,M,8
Autrey,M,8
Banks,M,8
Barnes,M,8
Basel,M,8
Berkeley,M,8
Bertis,M,8
Blane,M,8
Bohumil,M,8
Bonner,M,8
Boots,M,8
Brock,M,8
Burrel,M,8
Camillo,M,8
Cash,M,8
Celso,M,8
Chancey,M,8
Chuck,M,8
Commodore,M,8
Cosme,M,8
Creed,M,8
Cuthbert,M,8
Dail,M,8
Darryl,M,8
Deloss,M,8
Delwin,M,8
Dolan,M,8
Dolores,M,8
Doroteo,M,8
Doyal,M,8
Dupree,M,8
Earnie,M,8
Earvin,M,8
Eber,M,8
Edmundo,M,8
Edouard,M,8
Elmar,M,8
Elon,M,8
Elward,M,8
Erby,M,8
Errol,M,8
Erving,M,8
Esaw,M,8
Estanislao,M,8
Estil,M,8
Eulalio,M,8
Everet,M,8
Festus,M,8
Firman,M,8
Fransisco,M,8
Frederich,M,8
Gardiner,M,8
Germain,M,8
Geza,M,8
Gill,M,8
Goodwin,M,8
Griffith,M,8
Handy,M,8
Hannibal,M,8
Harless,M,8
Hartford,M,8
Hattie,M,8
Hearl,M,8
Hersel,M,8
Hicks,M,8
Hilda,M,8
Hillis,M,8
Hilmar,M,8
Hjalmer,M,8
Hue,M,8
Isador,M,8
Ivor,M,8
Jorge,M,8
Justice,M,8
Katherine,M,8
Kearney,M,8
Kelsie,M,8
Kenith,M,8
Kennedy,M,8
Kenyon,M,8
Kirkland,M,8
Knute,M,8
Ladislaus,M,8
Langdon,M,8
Lanier,M,8
Lannie,M,8
Lelan,M,8
Lenoard,M,8
Lenton,M,8
Lenus,M,8
Leonce,M,8
Les,M,8
Less,M,8
Leverett,M,8
Link,M,8
Linnie,M,8
Lorain,M,8
Lorimer,M,8
Lovett,M,8
Lucy,M,8
Lynford,M,8
Mabry,M,8
Maria,M,8
Marinus,M,8
Marius,M,8
Marland,M,8
Melburn,M,8
Meliton,M,8
Mervil,M,8
Milbert,M,8
Montgomery,M,8
Monty,M,8
Mordecai,M,8
Moultrie,M,8
Muriel,M,8
Myrtle,M,8
Nancy,M,8
Needham,M,8
Noboru,M,8
Olden,M,8
Oley,M,8
Olon,M,8
Othar,M,8
Ozro,M,8
Pasqual,M,8
Patterson,M,8
Pauline,M,8
Paulino,M,8
Philippe,M,8
Radford,M,8
Ramsey,M,8
Ranson,M,8
Raymundo,M,8
Romuald,M,8
Roosvelt,M,8
Rosa,M,8
Rubel,M,8
Ruble,M,8
Saint,M,8
Salomon,M,8
Santi,M,8
Satoru,M,8
Savino,M,8
Seaborn,M,8
Seferino,M,8
Selig,M,8
Sewell,M,8
Shed,M,8
Sheffield,M,8
Shepard,M,8
Sie,M,8
Smiley,M,8
Squire,M,8
Stclair,M,8
Stefan,M,8
Susumu,M,8
Sye,M,8
Takeshi,M,8
Tate,M,8
Tex,M,8
Thurl,M,8
Tilford,M,8
Tilmon,M,8
Tilton,M,8
Toribio,M,8
Tsugio,M,8
Tunis,M,8
Udell,M,8
Uriah,M,8
Vane,M,8
Varner,M,8
Velma,M,8
Verlon,M,8
Verlyn,M,8
Veto,M,8
Vonnie,M,8
Waller,M,8
Welby,M,8
Wiliam,M,8
Willson,M,8
Wilmar,M,8
Winnie,M,8
Yancey,M,8
Yates,M,8
Zolton,M,8
Ad,M,7
Adair,M,7
Adalbert,M,7
Admiral,M,7
Ahti,M,7
Alderic,M,7
Alfonce,M,7
Alley,M,7
Alph,M,7
Alvaro,M,7
Alver,M,7
Alvey,M,7
Ardie,M,7
Armstead,M,7
Artee,M,7
Ashford,M,7
Atwell,M,7
Audy,M,7
Aurel,M,7
Baron,M,7
Bartlett,M,7
Bartolo,M,7
Bazil,M,7
Bela,M,7
Bernal,M,7
Bertel,M,7
Bjarne,M,7
Blanchard,M,7
Bland,M,7
Bonifacio,M,7
Branson,M,7
Brantley,M,7
Burleigh,M,7
Burnard,M,7
Burnis,M,7
Byrne,M,7
Cardell,M,7
Caroline,M,7
Carvel,M,7
Castulo,M,7
Cataldo,M,7
Cephas,M,7
Chet,M,7
Christine,M,7
Claudy,M,7
Clayburn,M,7
Clearance,M,7
Cleaveland,M,7
Clebert,M,7
Cleburn,M,7
Cleburne,M,7
Cleland,M,7
Clemmie,M,7
Clemson,M,7
Clenton,M,7
Cloy,M,7
Clyne,M,7
Cola,M,7
Cordie,M,7
Cosby,M,7
Coyt,M,7
Crit,M,7
Cy,M,7
Damian,M,7
Darell,M,7
Dayle,M,7
Denson,M,7
Dionisio,M,7
Domnick,M,7
Domonic,M,7
Donat,M,7
Dora,M,7
Doyne,M,7
Durand,M,7
Durrell,M,7
Duward,M,7
Easton,M,7
Egon,M,7
Elby,M,7
Elgar,M,7
Elson,M,7
Elvan,M,7
Emerick,M,7
Emidio,M,7
Emmert,M,7
Emmette,M,7
Emry,M,7
Era,M,7
Erasmo,M,7
Ercil,M,7
Ercole,M,7
Erhard,M,7
Ersel,M,7
Ethridge,M,7
Evaristo,M,7
Fannie,M,7
Faye,M,7
Filmore,M,7
Floy,M,7
Fread,M,7
Fuller,M,7
Garcia,M,7
Garlan,M,7
Garlin,M,7
Garrison,M,7
Gaspare,M,7
Generoso,M,7
Gillie,M,7
Gould,M,7
Greely,M,7
Guerino,M,7
Gustavus,M,7
Hajime,M,7
Happy,M,7
Harald,M,7
Harrie,M,7
Hartzell,M,7
Haruo,M,7
Harvest,M,7
Haynes,M,7
Herb,M,7
Hershey,M,7
Holden,M,7
Holt,M,7
Holton,M,7
Hughey,M,7
Huie,M,7
Hulet,M,7
Huron,M,7
Ignace,M,7
Ines,M,7
Inman,M,7
Irvan,M,7
Izear,M,7
Jabe,M,7
Jacinto,M,7
Jewett,M,7
Johan,M,7
Jospeh,M,7
Judd,M,7
Katie,M,7
Kelton,M,7
Kenny,M,7
Laban,M,7
Lamon,M,7
Landis,M,7
Lavere,M,7
Leanord,M,7
Lennard,M,7
Levell,M,7
Levert,M,7
Levis,M,7
Libero,M,7
Linford,M,7
Littleton,M,7
Loman,M,7
Loney,M,7
Loraine,M,7
Lottie,M,7
Lovelace,M,7
Lowery,M,7
Lysle,M,7
Marley,M,7
Masaichi,M,7
Matias,M,7
Mauricio,M,7
Melven,M,7
Merville,M,7
Morrill,M,7
Moss,M,7
Myers,M,7
Nate,M,7
Natividad,M,7
Neely,M,7
Nellie,M,7
Nemiah,M,7
Noal,M,7
Nolie,M,7
Norfleet,M,7
Norville,M,7
Nyle,M,7
Obediah,M,7
Oddie,M,7
Okie,M,7
Olga,M,7
Ollen,M,7
Ollice,M,7
Onni,M,7
Orden,M,7
Oree,M,7
Orva,M,7
Orvile,M,7
Other,M,7
Othmar,M,7
Payne,M,7
Phyllis,M,7
Prosper,M,7
Purvis,M,7
Quitman,M,7
Rainey,M,7
Rawleigh,M,7
Rebecca,M,7
Reinhart,M,7
Ritchie,M,7
Roald,M,7
Rodgers,M,7
Rodolph,M,7
Rodolphe,M,7
Roye,M,7
Rudyard,M,7
Russ,M,7
Sadie,M,7
Sallie,M,7
Searcy,M,7
Sears,M,7
Selby,M,7
Serafino,M,7
Severin,M,7
Sharon,M,7
Shepherd,M,7
Shoichi,M,7
Siegfried,M,7
Stacey,M,7
Starr,M,7
Stefano,M,7
Tandy,M,7
Tennie,M,7
Terrance,M,7
Thedford,M,7
Theophil,M,7
Thorvald,M,7
Tillmon,M,7
Tobie,M,7
Torrence,M,7
Trenton,M,7
True,M,7
Truett,M,7
Tullio,M,7
Ulis,M,7
Ulrich,M,7
Ulyess,M,7
Ulysees,M,7
Urbain,M,7
Valerian,M,7
Valley,M,7
Valton,M,7
Veikko,M,7
Verland,M,7
Villa,M,7
Vollie,M,7
Wah,M,7
Walfred,M,7
Walt,M,7
Welch,M,7
Wendelin,M,7
Wilma,M,7
Wirt,M,7
Woodard,M,7
Woodward,M,7
Xavier,M,7
Yoshito,M,7
Zebulon,M,7
Zigmunt,M,7
Abbot,M,6
Abelardo,M,6
Abundio,M,6
Adger,M,6
Adin,M,6
Alanson,M,6
Alcee,M,6
Aldie,M,6
Aldor,M,6
Aldrich,M,6
Alferd,M,6
Alfonza,M,6
Alison,M,6
Almo,M,6
Aloysuis,M,6
Alta,M,6
Amando,M,6
Ambers,M,6
Ambrosio,M,6
Amedee,M,6
Amilcare,M,6
Anders,M,6
Andrews,M,6
Anselm,M,6
Aquilla,M,6
Ardis,M,6
Aristide,M,6
Arlow,M,6
Arnoldo,M,6
Arvell,M,6
Aster,M,6
Aurelius,M,6
Avis,M,6
Babe,M,6
Barclay,M,6
Bell,M,6
Benjamen,M,6
Benoit,M,6
Berle,M,6
Berlie,M,6
Berthel,M,6
Bertice,M,6
Biaggio,M,6
Bird,M,6
Birl,M,6
Birt,M,6
Blase,M,6
Bosie,M,6
Bradie,M,6
Branch,M,6
Bryson,M,6
Burdett,M,6
Byford,M,6
Calogero,M,6
Candelario,M,6
Carver,M,6
Carwin,M,6
Chadwick,M,6
Chancy,M,6
Chase,M,6
Chauncy,M,6
Chriss,M,6
Churchill,M,6
Clancy,M,6
Clanton,M,6
Claudio,M,6
Clester,M,6
Clevland,M,6
Cliffton,M,6
Colvin,M,6
Cornie,M,6
Crockett,M,6
Cromwell,M,6
Custer,M,6
Dailey,M,6
Daily,M,6
Davied,M,6
Delano,M,6
Delphis,M,6
Deo,M,6
Deroy,M,6
Derry,M,6
Dessie,M,6
Detroit,M,6
Dickson,M,6
Doyce,M,6
Doyl,M,6
Dozier,M,6
Dunbar,M,6
Edo,M,6
Eligh,M,6
Elija,M,6
Elmond,M,6
Elridge,M,6
Eluterio,M,6
Embert,M,6
Emiel,M,6
Emiliano,M,6
Emit,M,6
Encarnacion,M,6
Ephram,M,6
Erik,M,6
Erma,M,6
Esper,M,6
Estanislado,M,6
Eual,M,6
Eugune,M,6
Eulogio,M,6
Eulon,M,6
Everard,M,6
Evo,M,6
Ewel,M,6
Faber,M,6
Farrel,M,6
Fed,M,6
Felder,M,6
Ferdinando,M,6
Ferguson,M,6
Filadelfio,M,6
Finas,M,6
Fitz,M,6
Fitzhugh,M,6
Flavio,M,6
Forbes,M,6
Fordyce,M,6
Forney,M,6
Fount,M,6
Fountain,M,6
France,M,6
Francois,M,6
Freemon,M,6
Gabor,M,6
Garl,M,6
Garvice,M,6
Gaza,M,6
Gerold,M,6
Gerry,M,6
Gerson,M,6
Gervis,M,6
Gilliam,M,6
Giulio,M,6
Greeley,M,6
Greene,M,6
Gregg,M,6
Hanson,M,6
Hassel,M,6
Haston,M,6
Haze,M,6
Helge,M,6
Helmut,M,6
Hershall,M,6
Higinio,M,6
Hillman,M,6
Hipolito,M,6
Hjalmar,M,6
Holger,M,6
Horacio,M,6
Hulbert,M,6
Hurman,M,6
Hurston,M,6
Idell,M,6
Idus,M,6
Ireland,M,6
Ivin,M,6
Jacobo,M,6
Jared,M,6
Jc,M,6
Jennie,M,6
Jeptha,M,6
Jett,M,6
Joan,M,6
Job,M,6
Joffre,M,6
Johannes,M,6
Juanita,M,6
Junuis,M,6
Katsumi,M,6
Kerney,M,6
Kinnie,M,6
Kit,M,6
Knox,M,6
Lamoine,M,6
Lander,M,6
Langford,M,6
Lansing,M,6
Lark,M,6
Laurin,M,6
Lavon,M,6
Laymon,M,6
Lea,M,6
Lenora,M,6
Lenzie,M,6
Lenzy,M,6
Leone,M,6
Levon,M,6
Lexie,M,6
Lindon,M,6
Loise,M,6
Loretta,M,6
Lorn,M,6
Lossie,M,6
Lovel,M,6
Loyde,M,6
Lucky,M,6
Ludie,M,6
Ludvik,M,6
Lum,M,6
Macedonio,M,6
Macey,M,6
Mae,M,6
Marcello,M,6
Marin,M,6
Marlow,M,6
Marlyn,M,6
Marsh,M,6
Mateo,M,6
Math,M,6
Mathis,M,6
Maxey,M,6
Maximo,M,6
Mayer,M,6
Mayfield,M,6
Mchenry,M,6
Mendell,M,6
Merchant,M,6
Mickel,M,6
Milledge,M,6
Mitsuo,M,6
Moir,M,6
Monico,M,6
Morey,M,6
Morrell,M,6
Mort,M,6
Narciso,M,6
Nehemiah,M,6
Nichols,M,6
Nickie,M,6
Nieves,M,6
Niilo,M,6
Noe,M,6
Nollie,M,6
Normon,M,6
Numa,M,6
Odas,M,6
Odel,M,6
Odessa,M,6
Olyn,M,6
Oney,M,6
Orazio,M,6
Oreste,M,6
Orian,M,6
Orien,M,6
Orla,M,6
Ormand,M,6
Orphus,M,6
Orvall,M,6
Orvie,M,6
Orvo,M,6
Osmond,M,6
Othal,M,6
Patty,M,6
Pearly,M,6
Philbert,M,6
Philo,M,6
Pierson,M,6
Ples,M,6
Purnell,M,6
Quince,M,6
Quinto,M,6
Randel,M,6
Ransford,M,6
Rapheal,M,6
Rastus,M,6
Raynold,M,6
Read,M,6
Reeder,M,6
Reinholdt,M,6
Remus,M,6
Remy,M,6
Renold,M,6
Rivers,M,6
Robie,M,6
Rochelle,M,6
Rochester,M,6
Roderic,M,6
Rollins,M,6
Rome,M,6
Ronaldo,M,6
Rowe,M,6
Roxy,M,6
Rufas,M,6
Rufino,M,6
Rumaldo,M,6
Saburo,M,6
Sameul,M,6
Scottie,M,6
Seab,M,6
Seiji,M,6
Serge,M,6
Seymore,M,6
Shaw,M,6
Sherrell,M,6
Shigeru,M,6
Singleton,M,6
Solly,M,6
Solmon,M,6
Sophie,M,6
Stella,M,6
Summers,M,6
Takao,M,6
Talbot,M,6
Telesforo,M,6
Tennyson,M,6
Theodis,M,6
Theophile,M,6
Theopolis,M,6
Thure,M,6
Thurmond,M,6
Timoteo,M,6
Toussaint,M,6
Townsend,M,6
Truitt,M,6
Trygve,M,6
Twyman,M,6
Ulmer,M,6
Ulysess,M,6
Urho,M,6
Urias,M,6
Valery,M,6
Vanburen,M,6
Vardie,M,6
Vermon,M,6
Warden,M,6
Watts,M,6
Weir,M,6
Weslie,M,6
Wilkie,M,6
Wilkins,M,6
Willaim,M,6
Willey,M,6
Wilmont,M,6
Wince,M,6
Winfrey,M,6
Wladyslaw,M,6
Wynn,M,6
Yukio,M,6
Zachariah,M,6
Zane,M,6
Zoltan,M,6
Abbey,M,5
Ada,M,5
Adan,M,5
Adel,M,5
Agapito,M,5
Algird,M,5
Algot,M,5
Ali,M,5
Alwyn,M,5
Amato,M,5
Amel,M,5
Ames,M,5
Amous,M,5
Ander,M,5
Andreas,M,5
Anello,M,5
Anibal,M,5
Arby,M,5
Arcadio,M,5
Arcangelo,M,5
Argle,M,5
Argyle,M,5
Arling,M,5
Armistead,M,5
Armondo,M,5
Arnell,M,5
Arnulfo,M,5
Arpad,M,5
Arvle,M,5
Arza,M,5
Ascension,M,5
Aubery,M,5
Aulden,M,5
Aurele,M,5
Azell,M,5
Balfour,M,5
Banjamin,M,5
Baptiste,M,5
Beamon,M,5
Benney,M,5
Bentley,M,5
Birdie,M,5
Birney,M,5
Blain,M,5
Bookert,M,5
Bowman,M,5
Brace,M,5
Brad,M,5
Brewer,M,5
Brinton,M,5
Brooke,M,5
Brooker,M,5
Broward,M,5
Bunk,M,5
Bunnie,M,5
Bunyan,M,5
Burnham,M,5
Burris,M,5
Byard,M,5
Byrl,M,5
Calistro,M,5
Canuto,M,5
Capers,M,5
Carnel,M,5
Caroll,M,5
Carranza,M,5
Carsten,M,5
Carthel,M,5
Cass,M,5
Cayetano,M,5
Cesario,M,5
Challis,M,5
Charl,M,5
Charleston,M,5
Charlotte,M,5
Charlton,M,5
Chelsea,M,5
Cipriano,M,5
Clance,M,5
Claus,M,5
Claxton,M,5
Clemons,M,5
Clim,M,5
Clio,M,5
Coe,M,5
Conn,M,5
Converse,M,5
Cora,M,5
Corbitt,M,5
Crayton,M,5
Crist,M,5
Cristobal,M,5
Curlie,M,5
Curly,M,5
Currie,M,5
Curvin,M,5
Daisy,M,5
Dalbert,M,5
Damacio,M,5
De,M,5
Dellis,M,5
Delmore,M,5
Delphine,M,5
Demosthenes,M,5
Derald,M,5
Dewell,M,5
Dewie,M,5
Dink,M,5
Dover,M,5
Drury,M,5
Dude,M,5
Dugan,M,5
Durell,M,5
Earley,M,5
Earling,M,5
Earmon,M,5
Easter,M,5
Ebbie,M,5
Edger,M,5
Edker,M,5
Edric,M,5
Edsel,M,5
Edwad,M,5
Eldredge,M,5
Elester,M,5
Elic,M,5
Elix,M,5
Elizah,M,5
Elkin,M,5
Ell,M,5
Ellard,M,5
Elo,M,5
Elphege,M,5
Elpidio,M,5
Elra,M,5
Elver,M,5
Elvy,M,5
Elzia,M,5
Elzy,M,5
Emanuele,M,5
Emerald,M,5
Emert,M,5
Emilien,M,5
Emuel,M,5
Engelbert,M,5
Epifanio,M,5
Eppie,M,5
Ercel,M,5
Erlon,M,5
Ervan,M,5
Erville,M,5
Ervine,M,5
Essex,M,5
Estelle,M,5
Estevan,M,5
Ethelbert,M,5
Ether,M,5
Evald,M,5
Evar,M,5
Everest,M,5
Everitt,M,5
Evon,M,5
Ewart,M,5
Ezel,M,5
Fair,M,5
Faust,M,5
Faustin,M,5
Fenner,M,5
Ferrel,M,5
Fidelis,M,5
Fidencio,M,5
Field,M,5
Fines,M,5
Finnis,M,5
Flavil,M,5
Florentine,M,5
Florindo,M,5
Floyde,M,5
Flynn,M,5
Fonzie,M,5
Frazer,M,5
Frederico,M,5
Freeland,M,5
Gage,M,5
Gano,M,5
Gareld,M,5
Garlon,M,5
Garmon,M,5
Gaspar,M,5
Gearold,M,5
Georges,M,5
Gernie,M,5
Glennie,M,5
Gloyd,M,5
Glyn,M,5
Godwin,M,5
Goerge,M,5
Gola,M,5
Governor,M,5
Graden,M,5
Guyton,M,5
Hagan,M,5
Halley,M,5
Hammie,M,5
Hank,M,5
Harce,M,5
Hardie,M,5
Hart,M,5
Hary,M,5
Hasker,M,5
Hawkins,M,5
Hebron,M,5
Heman,M,5
Hermen,M,5
Herminio,M,5
Heywood,M,5
Hickman,M,5
Hildreth,M,5
Hillory,M,5
Holley,M,5
Holloway,M,5
Hood,M,5
Hosey,M,5
Huel,M,5
Hymie,M,5
Idris,M,5
Ivie,M,5
Iwao,M,5
Jabo,M,5
Jabus,M,5
Janie,M,5
Jd,M,5
Jehu,M,5
Jenkins,M,5
Jep,M,5
Jeronimo,M,5
Jerre,M,5
Jerrell,M,5
Jeter,M,5
Jiro,M,5
Jo,M,5
Joeph,M,5
Johnathan,M,5
Jonie,M,5
Jorgen,M,5
Jt,M,5
Jude,M,5
Junies,M,5
Kam,M,5
Kaoru,M,5
Kato,M,5
Kazimierz,M,5
Kermitt,M,5
Kern,M,5
Key,M,5
Kid,M,5
Kimball,M,5
Kimber,M,5
Kirkwood,M,5
Koichi,M,5
Lafe,M,5
Langston,M,5
Lankford,M,5
Larnce,M,5
Laster,M,5
Lathan,M,5
Lauro,M,5
Lavaughn,M,5
Lavell,M,5
Lawernce,M,5
Leanard,M,5
Leavy,M,5
Lebaron,M,5
Leburn,M,5
Lecil,M,5
Legrande,M,5
Leldon,M,5
Lemoyne,M,5
Lenny,M,5
Lewellyn,M,5
Liberato,M,5
Limmie,M,5
Linza,M,5
Lizzie,M,5
Lola,M,5
Loral,M,5
Loveless,M,5
Lowe,M,5
Loye,M,5
Lubert,M,5
Luby,M,5
Ludwik,M,5
Lue,M,5
Lugene,M,5
Luman,M,5
Lumas,M,5
Lundy,M,5
Lurie,M,5
Lyell,M,5
Lymon,M,5
Lyn,M,5
Lynne,M,5
Macario,M,5
Macy,M,5
Maitland,M,5
Malachy,M,5
Mallory,M,5
Malone,M,5
Mamie,M,5
Mancil,M,5
Manlio,M,5
Manus,M,5
Marcelo,M,5
Marden,M,5
Marguerite,M,5
Marlon,M,5
Marlowe,M,5
Maron,M,5
Marsden,M,5
Marshel,M,5
Maury,M,5
Maximillian,M,5
Mayes,M,5
Mayford,M,5
Mcneil,M,5
Milliard,M,5
Mirl,M,5
Monford,M,5
Montell,M,5
Montford,M,5
Morio,M,5
Morten,M,5
Mozell,M,5
Murle,M,5
Myrel,M,5
Narcisse,M,5
Nebraska,M,5
Nero,M,5
Nevil,M,5
Nevins,M,5
Newel,M,5
Nicklas,M,5
Nicolo,M,5
Nobuyoshi,M,5
Norwin,M,5
Nunzie,M,5
Nute,M,5
Obadiah,M,5
Octaviano,M,5
Ohmer,M,5
Olavi,M,5
Olis,M,5
Ona,M,5
Onell,M,5
Orby,M,5
Orton,M,5
Osa,M,5
Ovel,M,5
Paolo,M,5
Parnell,M,5
Penrose,M,5
Percey,M,5
Perfecto,M,5
Persey,M,5
Philmore,M,5
Pope,M,5
Posie,M,5
Powers,M,5
Prentis,M,5
Printes,M,5
Printess,M,5
Printis,M,5
Proctor,M,5
Pryor,M,5
Purl,M,5
Rachel,M,5
Raeford,M,5
Rafe,M,5
Ralston,M,5
Rance,M,5
Rannie,M,5
Raye,M,5
Raynald,M,5
Raynard,M,5
Raynor,M,5
Rector,M,5
Reedie,M,5
Rees,M,5
Reford,M,5
Reginal,M,5
Rino,M,5
Roberta,M,5
Robley,M,5
Rochus,M,5
Rockie,M,5
Rockwell,M,5
Rocky,M,5
Rod,M,5
Roddy,M,5
Rodrick,M,5
Rogelio,M,5
Rogerio,M,5
Rogie,M,5
Rommie,M,5
Romulus,M,5
Rosell,M,5
Rosser,M,5
Rudie,M,5
Rudolfo,M,5
Rufe,M,5
Ruperto,M,5
Ruppert,M,5
Rural,M,5
Sadamu,M,5
Sadao,M,5
Samiel,M,5
Sarkis,M,5
Saunders,M,5
Seeley,M,5
Selman,M,5
Selvin,M,5
Selwyn,M,5
Sergio,M,5
Shedrick,M,5
Sheppard,M,5
Silverio,M,5
Silvestre,M,5
Sims,M,5
Snow,M,5
Socrates,M,5
Sonnie,M,5
Soren,M,5
Spence,M,5
Stance,M,5
Stokes,M,5
Strother,M,5
Sunny,M,5
Sutton,M,5
Sylvestre,M,5
Tadeusz,M,5
Talley,M,5
Telford,M,5
Tench,M,5
Tennis,M,5
Teruo,M,5
Thayer,M,5
Thomos,M,5
Thurber,M,5
Tip,M,5
Tivis,M,5
Tranquilino,M,5
Travers,M,5
Trueman,M,5
Tulio,M,5
Tyre,M,5
Tyrone,M,5
Tyson,M,5
Ulice,M,5
Ulys,M,5
Ulyss,M,5
Underwood,M,5
Usher,M,5
Valmond,M,5
Valmore,M,5
Vann,M,5
Ventura,M,5
Verbon,M,5
Verdell,M,5
Verdie,M,5
Verdis,M,5
Verdon,M,5
Vere,M,5
Vesta,M,5
Vick,M,5
Vincil,M,5
Vitold,M,5
Vivan,M,5
Waddell,M,5
Wales,M,5
Watt,M,5
Welborn,M,5
Welden,M,5
Wencel,M,5
Wentworth,M,5
Weyman,M,5
Whitley,M,5
Wilbon,M,5
Wille,M,5
Willett,M,5
Wilmon,M,5
Winson,M,5
Wister,M,5
Wofford,M,5
Yasuo,M,5
Zell,M,5
Zenith,M,5
